{"loss_task0_per_step": 0.005951100029051304, "_timestamp": 1703703615.1782885, "_runtime": 394.3579225540161, "_step": 12679, "reward_task0_per_step": 0.00012619633344002068, "pool_indices_task0_per_step": {"_type": "histogram", "values": [1, 0, 0, 0, 0, 0, 0, 0, 0, 0, 0, 0, 0, 0, 0, 0, 0, 0, 0, 0, 0, 0, 0, 0, 0, 0, 0, 0, 0, 0, 0, 0, 1, 0, 0, 0, 0, 0, 0, 0, 0, 0, 0, 0, 0, 0, 0, 0, 0, 0, 0, 0, 0, 0, 0, 0, 0, 0, 0, 0, 0, 0, 0, 1], "bins": [3.0, 3.0625, 3.125, 3.1875, 3.25, 3.3125, 3.375, 3.4375, 3.5, 3.5625, 3.625, 3.6875, 3.75, 3.8125, 3.875, 3.9375, 4.0, 4.0625, 4.125, 4.1875, 4.25, 4.3125, 4.375, 4.4375, 4.5, 4.5625, 4.625, 4.6875, 4.75, 4.8125, 4.875, 4.9375, 5.0, 5.0625, 5.125, 5.1875, 5.25, 5.3125, 5.375, 5.4375, 5.5, 5.5625, 5.625, 5.6875, 5.75, 5.8125, 5.875, 5.9375, 6.0, 6.0625, 6.125, 6.1875, 6.25, 6.3125, 6.375, 6.4375, 6.5, 6.5625, 6.625, 6.6875, 6.75, 6.8125, 6.875, 6.9375, 7.0]}, "loss_task2_per_step": 0.21720200777053833, "reward_task2_per_step": -0.0027346783317625523, "pool_indices_task2_per_step": {"_type": "histogram", "values": [1, 0, 0, 0, 0, 0, 0, 0, 0, 0, 0, 0, 0, 0, 0, 0, 0, 0, 0, 0, 0, 0, 0, 0, 0, 0, 0, 0, 0, 0, 0, 0, 0, 0, 0, 0, 0, 0, 1, 0, 0, 0, 0, 0, 0, 0, 0, 0, 0, 0, 0, 0, 0, 0, 0, 0, 0, 0, 0, 0, 0, 0, 0, 1], "bins": [4.0, 4.078125, 4.15625, 4.234375, 4.3125, 4.390625, 4.46875, 4.546875, 4.625, 4.703125, 4.78125, 4.859375, 4.9375, 5.015625, 5.09375, 5.171875, 5.25, 5.328125, 5.40625, 5.484375, 5.5625, 5.640625, 5.71875, 5.796875, 5.875, 5.953125, 6.03125, 6.109375, 6.1875, 6.265625, 6.34375, 6.421875, 6.5, 6.578125, 6.65625, 6.734375, 6.8125, 6.890625, 6.96875, 7.046875, 7.125, 7.203125, 7.28125, 7.359375, 7.4375, 7.515625, 7.59375, 7.671875, 7.75, 7.828125, 7.90625, 7.984375, 8.0625, 8.140625, 8.21875, 8.296875, 8.375, 8.453125, 8.53125, 8.609375, 8.6875, 8.765625, 8.84375, 8.921875, 9.0]}, "loss_task1_per_step": 0.022548001259565353, "reward_task1_per_step": NaN, "pool_indices_task1_per_step": {"_type": "histogram", "values": [1, 0, 0, 0, 0, 0, 0, 0, 0, 0, 0, 0, 0, 0, 0, 0, 0, 0, 0, 0, 0, 0, 0, 0, 0, 1, 0, 0, 0, 0, 0, 0, 0, 0, 0, 0, 0, 0, 0, 0, 0, 0, 0, 0, 0, 0, 0, 0, 0, 0, 0, 0, 0, 0, 0, 0, 0, 0, 0, 0, 0, 0, 0, 1], "bins": [1.0, 1.078125, 1.15625, 1.234375, 1.3125, 1.390625, 1.46875, 1.546875, 1.625, 1.703125, 1.78125, 1.859375, 1.9375, 2.015625, 2.09375, 2.171875, 2.25, 2.328125, 2.40625, 2.484375, 2.5625, 2.640625, 2.71875, 2.796875, 2.875, 2.953125, 3.03125, 3.109375, 3.1875, 3.265625, 3.34375, 3.421875, 3.5, 3.578125, 3.65625, 3.734375, 3.8125, 3.890625, 3.96875, 4.046875, 4.125, 4.203125, 4.28125, 4.359375, 4.4375, 4.515625, 4.59375, 4.671875, 4.75, 4.828125, 4.90625, 4.984375, 5.0625, 5.140625, 5.21875, 5.296875, 5.375, 5.453125, 5.53125, 5.609375, 5.6875, 5.765625, 5.84375, 5.921875, 6.0]}, "k=5)": {"_type": "image-file", "sha256": "75c4235340d825df7778a9cab4d98097eb6df4b09b9c9fed44d61182c2bc4c6c", "size": 53812, "path": "media/images/k=5)_12679_75c4235340d825df7778.png", "format": "png", "width": 535, "height": 408}, "k=10)": {"_type": "image-file", "sha256": "7ed0b9760c0df2ce7b2bfe1be1c88f429128e7fb447ff8ffa1cbd1b5fcc298bc", "size": 58609, "path": "media/images/k=10)_12623_7ed0b9760c0df2ce7b2b.png", "format": "png", "width": 535, "height": 408}, "_wandb": {"runtime": 399}}