{"loss_epoch0_task0": 0.006252442020922899, "_timestamp": 1698978879.0403364, "_runtime": 969.5872883796692, "_step": 75504, "reward_epoch0_task0": -50, "pool_indices_epoch0_task0": [15, 18, 18, 11, 19], "loss/epoch0_task0": 0.006252442020922899, "sin_curve/epoch0_task0": 0.01861666515469551, "loss_epoch0_task1": 1.5388342142105103, "reward_epoch0_task1": -50, "pool_indices_epoch0_task1": [20, 23, 16, 16, 14], "loss/epoch0_task1": 1.5388342142105103, "sin_curve/epoch0_task1": 0.507640540599823, "loss_epoch0_task2": 0.0660795047879219, "reward_epoch0_task2": 0.0660795047879219, "pool_indices_epoch0_task2": [5, 21, 6, 19], "loss/epoch0_task2": 0.0660795047879219, "sin_curve/epoch0_task2": 7.6105427742004395, "loss_epoch0_task3": 1.484613299369812, "reward_epoch0_task3": 1.484613299369812, "pool_indices_epoch0_task3": [10, 17, 13, 1, 24], "loss/epoch0_task3": 1.484613299369812, "sin_curve/epoch0_task3": 1.0406177043914795, "loss_epoch0_task4": 18.604673385620117, "reward_epoch0_task4": 18.604673385620117, "pool_indices_epoch0_task4": [5, 11, 18, 16, 19], "loss/epoch0_task4": 18.604673385620117, "sin_curve/epoch0_task4": 3.7146799564361572}