{"loss_epoch0_task0": 0.010404907166957855, "_timestamp": 1699207097.9621108, "_runtime": 2228.6810216903687, "_step": 5432, "reward_epoch0_task0": 0.010404907166957855, "pool_indices_epoch0_task0": {"_type": "histogram", "values": [1, 0, 0, 1, 0, 1, 0, 1, 0, 0, 0, 0, 0, 1, 0, 0, 0, 0, 0, 0, 0, 0, 1, 0, 0, 0, 0, 0, 0, 0, 0, 0, 0, 0, 0, 0, 0, 1, 0, 0, 0, 0, 0, 1, 0, 0, 0, 0, 0, 0, 1, 0, 0, 0, 1, 0, 0, 0, 0, 0, 0, 0, 0, 1], "bins": [1.0, 1.53125, 2.0625, 2.59375, 3.125, 3.65625, 4.1875, 4.71875, 5.25, 5.78125, 6.3125, 6.84375, 7.375, 7.90625, 8.4375, 8.96875, 9.5, 10.03125, 10.5625, 11.09375, 11.625, 12.15625, 12.6875, 13.21875, 13.75, 14.28125, 14.8125, 15.34375, 15.875, 16.40625, 16.9375, 17.46875, 18.0, 18.53125, 19.0625, 19.59375, 20.125, 20.65625, 21.1875, 21.71875, 22.25, 22.78125, 23.3125, 23.84375, 24.375, 24.90625, 25.4375, 25.96875, 26.5, 27.03125, 27.5625, 28.09375, 28.625, 29.15625, 29.6875, 30.21875, 30.75, 31.28125, 31.8125, 32.34375, 32.875, 33.40625, 33.9375, 34.46875, 35.0]}, "action_types_epoch0_task0": {"_type": "histogram", "values": [90, 0, 0, 0, 0, 0, 0, 0, 0, 0, 0, 0, 0, 0, 0, 0, 0, 0, 0, 0, 0, 11, 0, 0, 0, 0, 0, 0, 0, 0, 0, 0, 0, 0, 0, 0, 0, 0, 0, 0, 0, 0, 9, 0, 0, 0, 0, 0, 0, 0, 0, 0, 0, 0, 0, 0, 0, 0, 0, 0, 0, 0, 0, 95], "bins": [0.0, 0.046875, 0.09375, 0.140625, 0.1875, 0.234375, 0.28125, 0.328125, 0.375, 0.421875, 0.46875, 0.515625, 0.5625, 0.609375, 0.65625, 0.703125, 0.75, 0.796875, 0.84375, 0.890625, 0.9375, 0.984375, 1.03125, 1.078125, 1.125, 1.171875, 1.21875, 1.265625, 1.3125, 1.359375, 1.40625, 1.453125, 1.5, 1.546875, 1.59375, 1.640625, 1.6875, 1.734375, 1.78125, 1.828125, 1.875, 1.921875, 1.96875, 2.015625, 2.0625, 2.109375, 2.15625, 2.203125, 2.25, 2.296875, 2.34375, 2.390625, 2.4375, 2.484375, 2.53125, 2.578125, 2.625, 2.671875, 2.71875, 2.765625, 2.8125, 2.859375, 2.90625, 2.953125, 3.0]}, "sine_curve_epoch_0_task_0": {"_type": "image-file", "sha256": "81cc12945b6aa601a51a80907708e35e1b84de833451906bacdfac1982b13e8f", "size": 27782, "path": "media/images/sine_curve_epoch_0_task_0_5432_81cc12945b6aa601a51a.png", "format": "png", "width": 640, "height": 480}, "_wandb": {"runtime": 298}}