{"loss_task2_per_step": 8.221339225769043, "_timestamp": 1703278711.3257246, "_runtime": 7488.686949491501, "_step": 540911, "reward_task2_per_step": -1, "action_types_task2_per_step": {"_type": "histogram", "values": [0, 0, 0, 0, 0, 0, 0, 0, 0, 0, 0, 0, 0, 0, 0, 0, 0, 0, 0, 0, 0, 0, 0, 0, 0, 0, 0, 0, 0, 0, 0, 0, 0, 0, 0, 0, 0, 0, 0, 0, 0, 0, 0, 0, 0, 0, 0, 0, 0, 0, 0, 0, 0, 0, 0, 0, 0, 0, 0, 0, 0, 0, 0, 0], "bins": [0.0, 0.015625, 0.03125, 0.046875, 0.0625, 0.078125, 0.09375, 0.109375, 0.125, 0.140625, 0.15625, 0.171875, 0.1875, 0.203125, 0.21875, 0.234375, 0.25, 0.265625, 0.28125, 0.296875, 0.3125, 0.328125, 0.34375, 0.359375, 0.375, 0.390625, 0.40625, 0.421875, 0.4375, 0.453125, 0.46875, 0.484375, 0.5, 0.515625, 0.53125, 0.546875, 0.5625, 0.578125, 0.59375, 0.609375, 0.625, 0.640625, 0.65625, 0.671875, 0.6875, 0.703125, 0.71875, 0.734375, 0.75, 0.765625, 0.78125, 0.796875, 0.8125, 0.828125, 0.84375, 0.859375, 0.875, 0.890625, 0.90625, 0.921875, 0.9375, 0.953125, 0.96875, 0.984375, 1.0]}, "pool_indices_task2_per_step": {"_type": "histogram", "values": [0, 0, 0, 0, 0, 0, 0, 0, 0, 0, 0, 0, 0, 0, 0, 0, 0, 0, 0, 0, 0, 0, 0, 0, 0, 0, 0, 0, 0, 0, 0, 0, 1, 0, 0, 0, 0, 0, 0, 0, 0, 0, 0, 0, 0, 0, 0, 0, 0, 0, 0, 0, 0, 0, 0, 0, 0, 0, 0, 0, 0, 0, 0, 0], "bins": [4.5, 4.515625, 4.53125, 4.546875, 4.5625, 4.578125, 4.59375, 4.609375, 4.625, 4.640625, 4.65625, 4.671875, 4.6875, 4.703125, 4.71875, 4.734375, 4.75, 4.765625, 4.78125, 4.796875, 4.8125, 4.828125, 4.84375, 4.859375, 4.875, 4.890625, 4.90625, 4.921875, 4.9375, 4.953125, 4.96875, 4.984375, 5.0, 5.015625, 5.03125, 5.046875, 5.0625, 5.078125, 5.09375, 5.109375, 5.125, 5.140625, 5.15625, 5.171875, 5.1875, 5.203125, 5.21875, 5.234375, 5.25, 5.265625, 5.28125, 5.296875, 5.3125, 5.328125, 5.34375, 5.359375, 5.375, 5.390625, 5.40625, 5.421875, 5.4375, 5.453125, 5.46875, 5.484375, 5.5]}, "loss_task5_per_step": 9.009064674377441, "reward_task5_per_step": -1, "action_types_task5_per_step": {"_type": "histogram", "values": [0, 0, 0, 0, 0, 0, 0, 0, 0, 0, 0, 0, 0, 0, 0, 0, 0, 0, 0, 0, 0, 0, 0, 0, 0, 0, 0, 0, 0, 0, 0, 0, 0, 0, 0, 0, 0, 0, 0, 0, 0, 0, 0, 0, 0, 0, 0, 0, 0, 0, 0, 0, 0, 0, 0, 0, 0, 0, 0, 0, 0, 0, 0, 0], "bins": [0.0, 0.015625, 0.03125, 0.046875, 0.0625, 0.078125, 0.09375, 0.109375, 0.125, 0.140625, 0.15625, 0.171875, 0.1875, 0.203125, 0.21875, 0.234375, 0.25, 0.265625, 0.28125, 0.296875, 0.3125, 0.328125, 0.34375, 0.359375, 0.375, 0.390625, 0.40625, 0.421875, 0.4375, 0.453125, 0.46875, 0.484375, 0.5, 0.515625, 0.53125, 0.546875, 0.5625, 0.578125, 0.59375, 0.609375, 0.625, 0.640625, 0.65625, 0.671875, 0.6875, 0.703125, 0.71875, 0.734375, 0.75, 0.765625, 0.78125, 0.796875, 0.8125, 0.828125, 0.84375, 0.859375, 0.875, 0.890625, 0.90625, 0.921875, 0.9375, 0.953125, 0.96875, 0.984375, 1.0]}, "pool_indices_task5_per_step": {"_type": "histogram", "values": [1, 0, 0, 0, 0, 0, 0, 0, 0, 0, 0, 0, 0, 0, 0, 0, 0, 0, 0, 0, 0, 0, 0, 0, 0, 0, 0, 0, 0, 0, 0, 0, 0, 0, 0, 0, 0, 0, 0, 0, 0, 0, 0, 0, 0, 0, 0, 0, 0, 0, 0, 0, 0, 0, 0, 0, 0, 0, 0, 0, 0, 0, 0, 1], "bins": [13.0, 13.0625, 13.125, 13.1875, 13.25, 13.3125, 13.375, 13.4375, 13.5, 13.5625, 13.625, 13.6875, 13.75, 13.8125, 13.875, 13.9375, 14.0, 14.0625, 14.125, 14.1875, 14.25, 14.3125, 14.375, 14.4375, 14.5, 14.5625, 14.625, 14.6875, 14.75, 14.8125, 14.875, 14.9375, 15.0, 15.0625, 15.125, 15.1875, 15.25, 15.3125, 15.375, 15.4375, 15.5, 15.5625, 15.625, 15.6875, 15.75, 15.8125, 15.875, 15.9375, 16.0, 16.0625, 16.125, 16.1875, 16.25, 16.3125, 16.375, 16.4375, 16.5, 16.5625, 16.625, 16.6875, 16.75, 16.8125, 16.875, 16.9375, 17.0]}, "loss_task6_per_step": 8.132489204406738, "reward_task6_per_step": -1, "action_types_task6_per_step": {"_type": "histogram", "values": [0, 0, 0, 0, 0, 0, 0, 0, 0, 0, 0, 0, 0, 0, 0, 0, 0, 0, 0, 0, 0, 0, 0, 0, 0, 0, 0, 0, 0, 0, 0, 0, 0, 0, 0, 0, 0, 0, 0, 0, 0, 0, 0, 0, 0, 0, 0, 0, 0, 0, 0, 0, 0, 0, 0, 0, 0, 0, 0, 0, 0, 0, 0, 0], "bins": [0.0, 0.015625, 0.03125, 0.046875, 0.0625, 0.078125, 0.09375, 0.109375, 0.125, 0.140625, 0.15625, 0.171875, 0.1875, 0.203125, 0.21875, 0.234375, 0.25, 0.265625, 0.28125, 0.296875, 0.3125, 0.328125, 0.34375, 0.359375, 0.375, 0.390625, 0.40625, 0.421875, 0.4375, 0.453125, 0.46875, 0.484375, 0.5, 0.515625, 0.53125, 0.546875, 0.5625, 0.578125, 0.59375, 0.609375, 0.625, 0.640625, 0.65625, 0.671875, 0.6875, 0.703125, 0.71875, 0.734375, 0.75, 0.765625, 0.78125, 0.796875, 0.8125, 0.828125, 0.84375, 0.859375, 0.875, 0.890625, 0.90625, 0.921875, 0.9375, 0.953125, 0.96875, 0.984375, 1.0]}, "pool_indices_task6_per_step": {"_type": "histogram", "values": [1, 0, 0, 0, 0, 0, 0, 0, 0, 0, 0, 0, 0, 0, 0, 0, 0, 0, 0, 0, 0, 0, 0, 0, 0, 0, 0, 0, 0, 0, 0, 0, 0, 0, 0, 0, 0, 0, 0, 0, 0, 0, 0, 0, 0, 0, 0, 0, 0, 0, 0, 0, 0, 0, 0, 0, 0, 0, 0, 0, 0, 0, 0, 1], "bins": [5.0, 5.1875, 5.375, 5.5625, 5.75, 5.9375, 6.125, 6.3125, 6.5, 6.6875, 6.875, 7.0625, 7.25, 7.4375, 7.625, 7.8125, 8.0, 8.1875, 8.375, 8.5625, 8.75, 8.9375, 9.125, 9.3125, 9.5, 9.6875, 9.875, 10.0625, 10.25, 10.4375, 10.625, 10.8125, 11.0, 11.1875, 11.375, 11.5625, 11.75, 11.9375, 12.125, 12.3125, 12.5, 12.6875, 12.875, 13.0625, 13.25, 13.4375, 13.625, 13.8125, 14.0, 14.1875, 14.375, 14.5625, 14.75, 14.9375, 15.125, 15.3125, 15.5, 15.6875, 15.875, 16.0625, 16.25, 16.4375, 16.625, 16.8125, 17.0]}, "loss_task3_per_step": 15.507954597473145, "reward_task3_per_step": -1, "action_types_task3_per_step": {"_type": "histogram", "values": [0, 0, 0, 0, 0, 0, 0, 0, 0, 0, 0, 0, 0, 0, 0, 0, 0, 0, 0, 0, 0, 0, 0, 0, 0, 0, 0, 0, 0, 0, 0, 0, 0, 0, 0, 0, 0, 0, 0, 0, 0, 0, 0, 0, 0, 0, 0, 0, 0, 0, 0, 0, 0, 0, 0, 0, 0, 0, 0, 0, 0, 0, 0, 0], "bins": [0.0, 0.015625, 0.03125, 0.046875, 0.0625, 0.078125, 0.09375, 0.109375, 0.125, 0.140625, 0.15625, 0.171875, 0.1875, 0.203125, 0.21875, 0.234375, 0.25, 0.265625, 0.28125, 0.296875, 0.3125, 0.328125, 0.34375, 0.359375, 0.375, 0.390625, 0.40625, 0.421875, 0.4375, 0.453125, 0.46875, 0.484375, 0.5, 0.515625, 0.53125, 0.546875, 0.5625, 0.578125, 0.59375, 0.609375, 0.625, 0.640625, 0.65625, 0.671875, 0.6875, 0.703125, 0.71875, 0.734375, 0.75, 0.765625, 0.78125, 0.796875, 0.8125, 0.828125, 0.84375, 0.859375, 0.875, 0.890625, 0.90625, 0.921875, 0.9375, 0.953125, 0.96875, 0.984375, 1.0]}, "pool_indices_task3_per_step": {"_type": "histogram", "values": [1, 0, 0, 0, 0, 0, 0, 0, 0, 0, 0, 0, 0, 0, 0, 0, 0, 0, 0, 0, 0, 0, 0, 0, 0, 0, 0, 0, 0, 0, 0, 0, 0, 0, 0, 0, 0, 0, 0, 0, 0, 0, 0, 0, 0, 0, 0, 0, 0, 0, 0, 0, 0, 0, 0, 0, 0, 0, 0, 0, 0, 0, 0, 1], "bins": [17.0, 17.015625, 17.03125, 17.046875, 17.0625, 17.078125, 17.09375, 17.109375, 17.125, 17.140625, 17.15625, 17.171875, 17.1875, 17.203125, 17.21875, 17.234375, 17.25, 17.265625, 17.28125, 17.296875, 17.3125, 17.328125, 17.34375, 17.359375, 17.375, 17.390625, 17.40625, 17.421875, 17.4375, 17.453125, 17.46875, 17.484375, 17.5, 17.515625, 17.53125, 17.546875, 17.5625, 17.578125, 17.59375, 17.609375, 17.625, 17.640625, 17.65625, 17.671875, 17.6875, 17.703125, 17.71875, 17.734375, 17.75, 17.765625, 17.78125, 17.796875, 17.8125, 17.828125, 17.84375, 17.859375, 17.875, 17.890625, 17.90625, 17.921875, 17.9375, 17.953125, 17.96875, 17.984375, 18.0]}, "loss_task0_per_step": 15.30733585357666, "reward_task0_per_step": -1, "action_types_task0_per_step": {"_type": "histogram", "values": [0, 0, 0, 0, 0, 0, 0, 0, 0, 0, 0, 0, 0, 0, 0, 0, 0, 0, 0, 0, 0, 0, 0, 0, 0, 0, 0, 0, 0, 0, 0, 0, 0, 0, 0, 0, 0, 0, 0, 0, 0, 0, 0, 0, 0, 0, 0, 0, 0, 0, 0, 0, 0, 0, 0, 0, 0, 0, 0, 0, 0, 0, 0, 0],