{"loss_task0_per_step": 3.3444864749908447, "_timestamp": 1703707956.0518372, "_runtime": 315.7107021808624, "_step": 21503, "reward_task0_per_step": -0.2136780023574829, "pool_indices_task0_per_step": {"_type": "histogram", "values": [1, 0, 0, 0, 0, 0, 0, 0, 0, 0, 0, 0, 0, 0, 0, 0, 0, 0, 0, 0, 0, 0, 0, 0, 0, 0, 0, 0, 0, 0, 0, 0, 0, 0, 0, 0, 0, 0, 0, 0, 0, 0, 0, 0, 0, 0, 0, 0, 0, 0, 0, 0, 0, 0, 0, 0, 0, 0, 0, 0, 0, 0, 0, 1], "bins": [8.0, 8.109375, 8.21875, 8.328125, 8.4375, 8.546875, 8.65625, 8.765625, 8.875, 8.984375, 9.09375, 9.203125, 9.3125, 9.421875, 9.53125, 9.640625, 9.75, 9.859375, 9.96875, 10.078125, 10.1875, 10.296875, 10.40625, 10.515625, 10.625, 10.734375, 10.84375, 10.953125, 11.0625, 11.171875, 11.28125, 11.390625, 11.5, 11.609375, 11.71875, 11.828125, 11.9375, 12.046875, 12.15625, 12.265625, 12.375, 12.484375, 12.59375, 12.703125, 12.8125, 12.921875, 13.03125, 13.140625, 13.25, 13.359375, 13.46875, 13.578125, 13.6875, 13.796875, 13.90625, 14.015625, 14.125, 14.234375, 14.34375, 14.453125, 14.5625, 14.671875, 14.78125, 14.890625, 15.0]}, "loss_task6_per_step": 2.762319326400757, "reward_task6_per_step": -0.5229046940803528, "pool_indices_task6_per_step": {"_type": "histogram", "values": [1, 0, 0, 0, 0, 0, 0, 0, 0, 0, 0, 0, 0, 0, 0, 0, 0, 0, 0, 0, 0, 0, 0, 0, 0, 0, 0, 0, 0, 0, 0, 0, 0, 0, 0, 0, 0, 0, 0, 0, 0, 0, 0, 0, 0, 0, 0, 0, 0, 0, 0, 0, 0, 0, 0, 0, 0, 0, 0, 0, 0, 0, 0, 1], "bins": [11.0, 11.03125, 11.0625, 11.09375, 11.125, 11.15625, 11.1875, 11.21875, 11.25, 11.28125, 11.3125, 11.34375, 11.375, 11.40625, 11.4375, 11.46875, 11.5, 11.53125, 11.5625, 11.59375, 11.625, 11.65625, 11.6875, 11.71875, 11.75, 11.78125, 11.8125, 11.84375, 11.875, 11.90625, 11.9375, 11.96875, 12.0, 12.03125, 12.0625, 12.09375, 12.125, 12.15625, 12.1875, 12.21875, 12.25, 12.28125, 12.3125, 12.34375, 12.375, 12.40625, 12.4375, 12.46875, 12.5, 12.53125, 12.5625, 12.59375, 12.625, 12.65625, 12.6875, 12.71875, 12.75, 12.78125, 12.8125, 12.84375, 12.875, 12.90625, 12.9375, 12.96875, 13.0]}, "loss_task2_per_step": 6.127313137054443, "reward_task2_per_step": -0.1650058627128601, "pool_indices_task2_per_step": {"_type": "histogram", "values": [0, 0, 0, 0, 0, 0, 0, 0, 0, 0, 0, 0, 0, 0, 0, 0, 0, 0, 0, 0, 0, 0, 0, 0, 0, 0, 0, 0, 0, 0, 0, 0, 0, 0, 0, 0, 0, 0, 0, 0, 0, 0, 0, 0, 0, 0, 0, 0, 0, 0, 0, 0, 0, 0, 0, 0, 0, 0, 0, 0, 0, 0, 0, 0], "bins": [0.0, 0.015625, 0.03125, 0.046875, 0.0625, 0.078125, 0.09375, 0.109375, 0.125, 0.140625, 0.15625, 0.171875, 0.1875, 0.203125, 0.21875, 0.234375, 0.25, 0.265625, 0.28125, 0.296875, 0.3125, 0.328125, 0.34375, 0.359375, 0.375, 0.390625, 0.40625, 0.421875, 0.4375, 0.453125, 0.46875, 0.484375, 0.5, 0.515625, 0.53125, 0.546875, 0.5625, 0.578125, 0.59375, 0.609375, 0.625, 0.640625, 0.65625, 0.671875, 0.6875, 0.703125, 0.71875, 0.734375, 0.75, 0.765625, 0.78125, 0.796875, 0.8125, 0.828125, 0.84375, 0.859375, 0.875, 0.890625, 0.90625, 0.921875, 0.9375, 0.953125, 0.96875, 0.984375, 1.0]}, "loss_task5_per_step": 0.17616893351078033, "reward_task5_per_step": -0.00137134303804487, "pool_indices_task5_per_step": {"_type": "histogram", "values": [1, 0, 0, 0, 0, 0, 0, 0, 0, 0, 0, 1, 0, 0, 0, 0, 0, 0, 0, 0, 0, 0, 0, 0, 0, 0, 0, 0, 0, 0, 0, 0, 0, 0, 0, 0, 0, 0, 0, 0, 0, 0, 0, 0, 0, 0, 0, 0, 0, 0, 0, 0, 0, 0, 0, 0, 0, 0, 0, 0, 0, 0, 0, 1], "bins": [5.0, 5.171875, 5.34375, 5.515625, 5.6875, 5.859375, 6.03125, 6.203125, 6.375, 6.546875, 6.71875, 6.890625, 7.0625, 7.234375, 7.40625, 7.578125, 7.75, 7.921875, 8.09375, 8.265625, 8.4375, 8.609375, 8.78125, 8.953125, 9.125, 9.296875, 9.46875, 9.640625, 9.8125, 9.984375, 10.15625, 10.328125, 10.5, 10.671875, 10.84375, 11.015625, 11.1875, 11.359375, 11.53125, 11.703125, 11.875, 12.046875, 12.21875, 12.390625, 12.5625, 12.734375, 12.90625, 13.078125, 13.25, 13.421875, 13.59375, 13.765625, 13.9375, 14.109375, 14.28125, 14.453125, 14.625, 14.796875, 14.96875, 15.140625, 15.3125, 15.484375, 15.65625, 15.828125, 16.0]}, "loss_task4_per_step": 1.2960593700408936, "reward_task4_per_step": -1, "pool_indices_task4_per_step": {"_type": "histogram", "values": [0, 0, 0, 0, 0, 0, 0, 0, 0, 0, 0, 0, 0, 0, 0, 0, 0, 0, 0, 0, 0, 0, 0, 0, 0, 0, 0, 0, 0, 0, 0, 0, 0, 0, 0, 0, 0, 0, 0, 0, 0, 0, 0, 0, 0, 0, 0, 0, 0, 0, 0, 0, 0, 0, 0, 0, 0, 0, 0, 0, 0, 0, 0, 0], "bins": [0.0, 0.015625, 0.03125, 0.046875, 0.0625, 0.078125, 0.09375, 0.109375, 0.125, 0.140625, 0.15625, 0.171875, 0.1875, 0.203125, 0.21875, 0.234375, 0.25, 0.265625, 0.28125, 0.296875, 0.3125, 0.328125, 0.34375, 0.359375, 0.375, 0.390625, 0.40625, 0.421875, 0.4375, 0.453125, 0.46875, 0.484375, 0.5, 0.515625, 0.53125, 0.546875, 0.5625, 0.578125, 0.59375, 0.609375, 0.625, 0.640625, 0.65625, 0.671875, 0.6875, 0.703125, 0.71875, 0.734375, 0.75, 0.765625, 0.78125, 0.796875, 0.8125, 0.828125, 0.84375, 0.859375, 0.875, 0.890625, 0.90625, 0.921875, 0.9375, 0.953125, 0.96875, 0.984375, 1.0]}, "loss_task1_per_step": 3.84663724899292, "reward_task1_per_step": -0.2771088778972626, "pool_indices_task1_per_step": {"_type": "histogram", "values": [0, 0, 0, 0, 0, 0, 0, 0, 0, 0, 0, 0, 0, 0, 0, 0, 0, 0, 0, 0, 0, 0, 0, 0, 0, 0, 0, 0, 0, 0, 0, 0, 0, 0, 0, 0, 0, 0, 0, 0, 0, 0, 0, 0, 0, 0, 0, 0, 0, 0, 0, 0, 0, 0, 0, 0, 0, 0, 0, 0, 0, 0, 0, 0], "bins": [0.0, 0.015625, 0.03125, 0.046875, 0.0625, 0.078125, 0.09375, 0.109375, 0.125, 0.140625, 0.15625, 0.171875, 0.1875, 0.203125, 0.21875, 0.234375, 0.25, 0.265625, 0.28125, 0.296875, 0.3125, 0.328125, 0.34375, 0.359375, 0.375, 0.390625, 0.40625, 0.421875, 0.4375, 0.453125, 0.46875, 0.484375, 0.5, 0.515625, 0.53125, 0.546875, 0.5625, 0.578125, 0.59375, 0.609375, 0.625, 0.640625, 0.65625, 0.671875, 0.6875, 0.703125, 0.71875, 0.734375, 0.75, 0.765625, 0.78125, 0.796875, 0.8125, 0.828125, 0.84375, 0.859375, 0.875, 0.890625, 0.90625, 0.921875, 0.9375, 0.953125, 0.96875, 0.984375, 1.0]}, "_wandb": {"runtime": 315}}