{"loss_epoch0_task0": 0.010016201063990593, "_timestamp": 1699227501.4123995, "_runtime": 6912.165724515915, "_step": 4448, "reward_epoch0_task0": 0.010016201063990593, "pool_indices_epoch0_task0": {"_type": "histogram", "values": [1, 0, 0, 0, 0, 0, 0, 0, 0, 0, 0, 0, 0, 0, 0, 1, 0, 0, 0, 0, 0, 0, 0, 0, 0, 0, 0, 0, 1, 0, 0, 0, 0, 0, 0, 0, 0, 0, 0, 0, 0, 0, 0, 0, 0, 0, 0, 0, 0, 0, 0, 0, 0, 0, 0, 0, 0, 0, 0, 0, 0, 1, 0, 1], "bins": [6.0, 6.390625, 6.78125, 7.171875, 7.5625, 7.953125, 8.34375, 8.734375, 9.125, 9.515625, 9.90625, 10.296875, 10.6875, 11.078125, 11.46875, 11.859375, 12.25, 12.640625, 13.03125, 13.421875, 13.8125, 14.203125, 14.59375, 14.984375, 15.375, 15.765625, 16.15625, 16.546875, 16.9375, 17.328125, 17.71875, 18.109375, 18.5, 18.890625, 19.28125, 19.671875, 20.0625, 20.453125, 20.84375, 21.234375, 21.625, 22.015625, 22.40625, 22.796875, 23.1875, 23.578125, 23.96875, 24.359375, 24.75, 25.140625, 25.53125, 25.921875, 26.3125, 26.703125, 27.09375, 27.484375, 27.875, 28.265625, 28.65625, 29.046875, 29.4375, 29.828125, 30.21875, 30.609375, 31.0]}, "action_types_epoch0_task0": {"_type": "histogram", "values": [25, 0, 0, 0, 0, 0, 0, 0, 0, 0, 0, 0, 0, 0, 0, 0, 0, 0, 0, 0, 0, 6, 0, 0, 0, 0, 0, 0, 0, 0, 0, 0, 0, 0, 0, 0, 0, 0, 0, 0, 0, 0, 3, 0, 0, 0, 0, 0, 0, 0, 0, 0, 0, 0, 0, 0, 0, 0, 0, 0, 0, 0, 0, 39], "bins": [0.0, 0.046875, 0.09375, 0.140625, 0.1875, 0.234375, 0.28125, 0.328125, 0.375, 0.421875, 0.46875, 0.515625, 0.5625, 0.609375, 0.65625, 0.703125, 0.75, 0.796875, 0.84375, 0.890625, 0.9375, 0.984375, 1.03125, 1.078125, 1.125, 1.171875, 1.21875, 1.265625, 1.3125, 1.359375, 1.40625, 1.453125, 1.5, 1.546875, 1.59375, 1.640625, 1.6875, 1.734375, 1.78125, 1.828125, 1.875, 1.921875, 1.96875, 2.015625, 2.0625, 2.109375, 2.15625, 2.203125, 2.25, 2.296875, 2.34375, 2.390625, 2.4375, 2.484375, 2.53125, 2.578125, 2.625, 2.671875, 2.71875, 2.765625, 2.8125, 2.859375, 2.90625, 2.953125, 3.0]}, "sine_curve_epoch_0_task_0": {"_type": "image-file", "sha256": "c6e1607205a51a9bb2296f982cf4247fabb25a24a4ee0c235ecc6192a6df62ec", "size": 30869, "path": "media/images/sine_curve_epoch_0_task_0_972_c6e1607205a51a9bb229.png", "format": "png", "width": 640, "height": 480}, "loss_epoch1_task0": 0.010416774079203606, "reward_epoch1_task0": 0.010416774079203606, "pool_indices_epoch1_task0": {"_type": "histogram", "values": [1, 0, 0, 0, 0, 0, 0, 0, 0, 0, 0, 0, 0, 0, 0, 0, 0, 0, 0, 0, 0, 0, 0, 0, 0, 0, 0, 0, 0, 0, 0, 0, 0, 0, 0, 1, 0, 0, 0, 0, 0, 1, 0, 0, 0, 0, 0, 0, 0, 0, 0, 0, 0, 0, 0, 0, 0, 0, 0, 0, 0, 1, 0, 1], "bins": [0.0, 0.484375, 0.96875, 1.453125, 1.9375, 2.421875, 2.90625, 3.390625, 3.875, 4.359375, 4.84375, 5.328125, 5.8125, 6.296875, 6.78125, 7.265625, 7.75, 8.234375, 8.71875, 9.203125, 9.6875, 10.171875, 10.65625, 11.140625, 11.625, 12.109375, 12.59375, 13.078125, 13.5625, 14.046875, 14.53125, 15.015625, 15.5, 15.984375, 16.46875, 16.953125, 17.4375, 17.921875, 18.40625, 18.890625, 19.375, 19.859375, 20.34375, 20.828125, 21.3125, 21.796875, 22.28125, 22.765625, 23.25, 23.734375, 24.21875, 24.703125, 25.1875, 25.671875, 26.15625, 26.640625, 27.125, 27.609375, 28.09375, 28.578125, 29.0625, 29.546875, 30.03125, 30.515625, 31.0]}, "action_types_epoch1_task0": {"_type": "histogram", "values": [99, 0, 0, 0, 0, 0, 0, 0, 0, 0, 0, 0, 0, 0, 0, 0, 0, 0, 0, 0, 0, 8, 0, 0, 0, 0, 0, 0, 0, 0, 0, 0, 0, 0, 0, 0, 0, 0, 0, 0, 0, 0, 5, 0, 0, 0, 0, 0, 0, 0, 0, 0, 0, 0, 0, 0, 0, 0, 0, 0, 0, 0, 0, 93], "bins": [0.0, 0.046875, 0.09375, 0.140625, 0.1875, 0.234375, 0.28125, 0.328125, 0.375, 0.421875, 0.46875, 0.515625, 0.5625, 0.609375, 0.65625, 0.703125, 0.75, 0.796875, 0.84375, 0.890625, 0.9375, 0.984375, 1.03125, 1.078125, 1.125, 1.171875, 1.21875, 1.265625, 1.3125, 1.359375, 1.40625, 1.453125, 1.5, 1.546875, 1.59375, 1.640625, 1.6875, 1.734375, 1.78125, 1.828125, 1.875, 1.921875, 1.96875, 2.015625, 2.0625, 2.109375, 2.15625, 2.203125, 2.25, 2.296875, 2.34375, 2.390625, 2.4375, 2.484375, 2.53125, 2.578125, 2.625, 2.671875, 2.71875, 2.765625, 2.8125, 2.859375, 2.90625, 2.953125, 3.0]}, "sine_curve_epoch_1_task_0": {"_type": "image-file", "sha256": "94021915ccb50311b3401a3bc21134034faca507966435b385205bf9bbd42100", "size": 36776, "path": "media/images/sine_curve_epoch_1_task_0_1773_94021915ccb50311b340.png", "format": "png", "width": 640, "height": 480}, "loss_epoch2_task0": 0.0004622206324711442, "reward_epoch2_task0": -1, "pool_indices_epoch2_task0": {"_type": "histogram", "values": [1, 0, 0, 0, 0, 0, 0, 0, 0, 1, 0, 0, 0, 0, 0, 0, 0, 0, 0, 0, 0, 0, 0, 0, 0, 0, 0, 0, 0, 1, 0, 0, 0, 0, 0, 0, 0, 0, 0, 0, 0, 0, 0, 0, 0, 0, 0, 0, 0, 0, 0, 0, 0, 0, 0, 0, 0, 0, 0, 0, 0, 1, 0, 1], "bins": [3.0, 3.4375, 3.875, 4.3125, 4.75, 5.1875, 5.625, 6.0625, 6.5, 6.9375, 7.375, 7.8125, 8.25, 8.6875, 9.125, 9.5625, 10.0, 10.4375, 10.875, 11.3125, 11.75, 12.1875, 12.625, 13.0625, 13.5, 13.9375, 14.375, 14.8125, 15.25, 15.6875, 16.125, 16.5625, 17.0, 17.4375, 17.875, 18.3125, 18.75, 19.1875, 19.625, 20.0625, 20.5, 20.9375, 21.375, 21.8125, 22.25, 22.6875, 23.125, 23.5625, 24.0, 24.4375, 24.875, 25.3125, 25.75, 26.1875, 26.625, 27.0625, 27.5, 27.9375, 28.375, 28.8125, 29.25, 29.6875, 30.125, 30.5625, 31.0]}, "action_types_epoch2_task0": {"_type": "histogram", "values": [82, 0, 0, 0, 0, 0, 0, 0, 0, 0, 0, 0, 0, 0, 0, 0, 0, 0, 0, 0, 0, 10, 0, 0, 0, 0, 0, 0, 0, 0, 0, 0, 0, 0, 0, 0, 0, 0, 0, 0, 0, 0, 7, 0, 0, 0, 0, 0, 0, 0, 0, 0, 0, 0, 0, 0, 0, 0, 0, 0, 0, 0, 0, 106], "bins": [0.0, 0.046875, 0.09375, 0.140625, 0.1875, 0.234375, 0.28125, 0.328125, 0.375, 0.421875, 0.46875, 0.515625, 0.5625, 0.609375, 0.65625, 0.703125, 0.75, 0.796875, 0.84375, 0.890625, 0.9375, 0.984375, 1.03125, 1.078125, 1.125, 1.171875, 1.21875, 1.265625, 1.3125, 1.359375, 1.40625, 1.453125, 1.5, 1.546875, 1.59375, 1.640625, 1.6875, 1.734375, 1.78125, 1.828125, 1.875, 1.921875, 1.96875, 2.015625, 2.0625, 2.109375, 2.15625, 2.203125, 2.25, 2.296875, 2.34375, 2.390625, 2.4375, 2.484375, 2.53125, 2.578125, 2.625, 2.671875, 2.71875, 2.765625, 2.8125, 2.859375, 2.90625, 2.953125, 3.0]}, "sine_curve_epoch_2_task_0": {"_type": "image-file", "sha256": "4f4fe156f7094e2503d999c043ce94fb615f3f375881aad9778203805805be9a", "size": 35012, "path": "media/images/sine_curve_epoch_2_task_0_2574_4f4fe156f7094e2503d9.png", "format": "png", "width": 640, "height": 480}, "loss_epoch3_task0": 0.0030818087980151176, "reward_epoch3_task0": -1, "pool_indices_epoch3_task0": {"_type": "histogram", "values": [1, 0, 1, 0, 0, 0, 0, 0, 0, 1, 0, 0, 0, 0, 0, 0, 0, 0, 0, 0, 0, 0, 0, 0, 0, 0, 0, 0, 0, 0, 0, 0, 0, 0, 0, 0, 0, 0, 0, 0, 0, 0, 0, 0, 0, 0, 0, 0, 0, 0, 0, 0, 0, 0, 0, 0, 0, 0, 0, 0, 0, 1, 0, 1], "bins": [5.0, 5.40625, 5.8125, 6.21875, 6.625, 7.03125, 7.4375, 7.84375, 8.25, 8.65625, 9.0625, 9.46875, 9.875, 10.28125, 10.6875, 11.09375, 11.5, 11.90625, 12.3125, 12.71875, 13.125, 13.53125, 13.9375, 14.34375, 14.75, 15.15625, 15.5625, 15.96875, 16.375, 16.78125, 17.1875, 17.59375, 18.0, 18.40625, 18.8125, 19.21875, 19.625, 20.03125, 20.4375, 20.84375, 21.25, 21.65625, 22.0625, 22.46875, 22.875, 23.28125, 23.6875, 24.09375, 24.5, 24.90625, 25.3125, 25.71875, 26.125, 26.53125, 26.9375, 27.34375, 27.75, 28.15625, 28.5625, 28.96875, 29.375, 29.78125, 30.1875, 30.59375, 31.0]}, "action_types_epoch3_task0": {"_type": "histogram", "values": [76, 0, 0, 0, 0, 0, 0, 0, 0, 0, 0, 0, 0, 0, 0, 0, 0, 0, 0, 0, 0, 7, 0, 0, 0, 0, 0, 0, 0, 0, 0, 0, 0, 0, 0, 0, 0, 0, 0, 0, 0, 0, 4, 0, 0, 0, 0, 0, 0, 0, 0, 0, 0, 0, 0, 0, 0, 0, 0, 0, 0, 0, 0, 118],