{"loss_task5_per_step": 12.997236251831055, "_timestamp": 1703706154.5298073, "_runtime": 515.9543852806091, "_step": 36863, "reward_task5_per_step": -0.15931156277656555, "pool_indices_task5_per_step": {"_type": "histogram", "values": [1, 0, 0, 0, 0, 0, 0, 0, 0, 0, 0, 0, 0, 0, 0, 0, 0, 0, 0, 0, 0, 0, 0, 0, 0, 0, 0, 0, 0, 0, 0, 0, 0, 0, 0, 0, 0, 0, 0, 0, 0, 0, 0, 0, 0, 0, 0, 0, 0, 0, 0, 0, 0, 0, 0, 0, 0, 0, 0, 0, 0, 0, 0, 1], "bins": [8.0, 8.109375, 8.21875, 8.328125, 8.4375, 8.546875, 8.65625, 8.765625, 8.875, 8.984375, 9.09375, 9.203125, 9.3125, 9.421875, 9.53125, 9.640625, 9.75, 9.859375, 9.96875, 10.078125, 10.1875, 10.296875, 10.40625, 10.515625, 10.625, 10.734375, 10.84375, 10.953125, 11.0625, 11.171875, 11.28125, 11.390625, 11.5, 11.609375, 11.71875, 11.828125, 11.9375, 12.046875, 12.15625, 12.265625, 12.375, 12.484375, 12.59375, 12.703125, 12.8125, 12.921875, 13.03125, 13.140625, 13.25, 13.359375, 13.46875, 13.578125, 13.6875, 13.796875, 13.90625, 14.015625, 14.125, 14.234375, 14.34375, 14.453125, 14.5625, 14.671875, 14.78125, 14.890625, 15.0]}, "loss_task1_per_step": 0.4739111661911011, "reward_task1_per_step": -0.03441888093948364, "pool_indices_task1_per_step": {"_type": "histogram", "values": [0, 0, 0, 0, 0, 0, 0, 0, 0, 0, 0, 0, 0, 0, 0, 0, 0, 0, 0, 0, 0, 0, 0, 0, 0, 0, 0, 0, 0, 0, 0, 0, 1, 0, 0, 0, 0, 0, 0, 0, 0, 0, 0, 0, 0, 0, 0, 0, 0, 0, 0, 0, 0, 0, 0, 0, 0, 0, 0, 0, 0, 0, 0, 0], "bins": [16.5, 16.515625, 16.53125, 16.546875, 16.5625, 16.578125, 16.59375, 16.609375, 16.625, 16.640625, 16.65625, 16.671875, 16.6875, 16.703125, 16.71875, 16.734375, 16.75, 16.765625, 16.78125, 16.796875, 16.8125, 16.828125, 16.84375, 16.859375, 16.875, 16.890625, 16.90625, 16.921875, 16.9375, 16.953125, 16.96875, 16.984375, 17.0, 17.015625, 17.03125, 17.046875, 17.0625, 17.078125, 17.09375, 17.109375, 17.125, 17.140625, 17.15625, 17.171875, 17.1875, 17.203125, 17.21875, 17.234375, 17.25, 17.265625, 17.28125, 17.296875, 17.3125, 17.328125, 17.34375, 17.359375, 17.375, 17.390625, 17.40625, 17.421875, 17.4375, 17.453125, 17.46875, 17.484375, 17.5]}, "loss_task0_per_step": 2.1148242950439453, "reward_task0_per_step": -0.197713702917099, "pool_indices_task0_per_step": {"_type": "histogram", "values": [0, 0, 0, 0, 0, 0, 0, 0, 0, 0, 0, 0, 0, 0, 0, 0, 0, 0, 0, 0, 0, 0, 0, 0, 0, 0, 0, 0, 0, 0, 0, 0, 0, 0, 0, 0, 0, 0, 0, 0, 0, 0, 0, 0, 0, 0, 0, 0, 0, 0, 0, 0, 0, 0, 0, 0, 0, 0, 0, 0, 0, 0, 0, 0], "bins": [0.0, 0.015625, 0.03125, 0.046875, 0.0625, 0.078125, 0.09375, 0.109375, 0.125, 0.140625, 0.15625, 0.171875, 0.1875, 0.203125, 0.21875, 0.234375, 0.25, 0.265625, 0.28125, 0.296875, 0.3125, 0.328125, 0.34375, 0.359375, 0.375, 0.390625, 0.40625, 0.421875, 0.4375, 0.453125, 0.46875, 0.484375, 0.5, 0.515625, 0.53125, 0.546875, 0.5625, 0.578125, 0.59375, 0.609375, 0.625, 0.640625, 0.65625, 0.671875, 0.6875, 0.703125, 0.71875, 0.734375, 0.75, 0.765625, 0.78125, 0.796875, 0.8125, 0.828125, 0.84375, 0.859375, 0.875, 0.890625, 0.90625, 0.921875, 0.9375, 0.953125, 0.96875, 0.984375, 1.0]}, "loss_task4_per_step": 1.3169785737991333, "reward_task4_per_step": -0.05112851783633232, "pool_indices_task4_per_step": {"_type": "histogram", "values": [0, 0, 0, 0, 0, 0, 0, 0, 0, 0, 0, 0, 0, 0, 0, 0, 0, 0, 0, 0, 0, 0, 0, 0, 0, 0, 0, 0, 0, 0, 0, 0, 1, 0, 0, 0, 0, 0, 0, 0, 0, 0, 0, 0, 0, 0, 0, 0, 0, 0, 0, 0, 0, 0, 0, 0, 0, 0, 0, 0, 0, 0, 0, 0], "bins": [6.5, 6.515625, 6.53125, 6.546875, 6.5625, 6.578125, 6.59375, 6.609375, 6.625, 6.640625, 6.65625, 6.671875, 6.6875, 6.703125, 6.71875, 6.734375, 6.75, 6.765625, 6.78125, 6.796875, 6.8125, 6.828125, 6.84375, 6.859375, 6.875, 6.890625, 6.90625, 6.921875, 6.9375, 6.953125, 6.96875, 6.984375, 7.0, 7.015625, 7.03125, 7.046875, 7.0625, 7.078125, 7.09375, 7.109375, 7.125, 7.140625, 7.15625, 7.171875, 7.1875, 7.203125, 7.21875, 7.234375, 7.25, 7.265625, 7.28125, 7.296875, 7.3125, 7.328125, 7.34375, 7.359375, 7.375, 7.390625, 7.40625, 7.421875, 7.4375, 7.453125, 7.46875, 7.484375, 7.5]}, "loss_task2_per_step": 12.760939598083496, "reward_task2_per_step": -0.09354206919670105, "pool_indices_task2_per_step": {"_type": "histogram", "values": [0, 0, 0, 0, 0, 0, 0, 0, 0, 0, 0, 0, 0, 0, 0, 0, 0, 0, 0, 0, 0, 0, 0, 0, 0, 0, 0, 0, 0, 0, 0, 0, 0, 0, 0, 0, 0, 0, 0, 0, 0, 0, 0, 0, 0, 0, 0, 0, 0, 0, 0, 0, 0, 0, 0, 0, 0, 0, 0, 0, 0, 0, 0, 0], "bins": [0.0, 0.015625, 0.03125, 0.046875, 0.0625, 0.078125, 0.09375, 0.109375, 0.125, 0.140625, 0.15625, 0.171875, 0.1875, 0.203125, 0.21875, 0.234375, 0.25, 0.265625, 0.28125, 0.296875, 0.3125, 0.328125, 0.34375, 0.359375, 0.375, 0.390625, 0.40625, 0.421875, 0.4375, 0.453125, 0.46875, 0.484375, 0.5, 0.515625, 0.53125, 0.546875, 0.5625, 0.578125, 0.59375, 0.609375, 0.625, 0.640625, 0.65625, 0.671875, 0.6875, 0.703125, 0.71875, 0.734375, 0.75, 0.765625, 0.78125, 0.796875, 0.8125, 0.828125, 0.84375, 0.859375, 0.875, 0.890625, 0.90625, 0.921875, 0.9375, 0.953125, 0.96875, 0.984375, 1.0]}, "loss_task6_per_step": 0.6302955746650696, "reward_task6_per_step": -0.011638198047876358, "pool_indices_task6_per_step": {"_type": "histogram", "values": [1, 0, 0, 0, 0, 0, 0, 0, 0, 0, 0, 0, 0, 0, 0, 0, 0, 0, 0, 0, 0, 0, 0, 0, 0, 0, 0, 0, 0, 0, 0, 0, 0, 0, 0, 0, 0, 0, 0, 0, 0, 0, 0, 0, 0, 0, 0, 0, 0, 0, 0, 0, 0, 0, 0, 0, 0, 0, 0, 0, 0, 0, 0, 1], "bins": [18.0, 18.03125, 18.0625, 18.09375, 18.125, 18.15625, 18.1875, 18.21875, 18.25, 18.28125, 18.3125, 18.34375, 18.375, 18.40625, 18.4375, 18.46875, 18.5, 18.53125, 18.5625, 18.59375, 18.625, 18.65625, 18.6875, 18.71875, 18.75, 18.78125, 18.8125, 18.84375, 18.875, 18.90625, 18.9375, 18.96875, 19.0, 19.03125, 19.0625, 19.09375, 19.125, 19.15625, 19.1875, 19.21875, 19.25, 19.28125, 19.3125, 19.34375, 19.375, 19.40625, 19.4375, 19.46875, 19.5, 19.53125, 19.5625, 19.59375, 19.625, 19.65625, 19.6875, 19.71875, 19.75, 19.78125, 19.8125, 19.84375, 19.875, 19.90625, 19.9375, 19.96875, 20.0]}, "_wandb": {"runtime": 1993}}