{"loss_task0_per_step": 0.0020391931757330894, "_timestamp": 1702959154.9881582, "_runtime": 26.765775203704834, "_step": 4120, "reward_task0_per_step": -0.0006413980736397207, "action_types_task0_per_step": {"_type": "histogram", "values": [0, 0, 0, 0, 0, 0, 0, 0, 0, 0, 0, 0, 0, 0, 0, 0, 0, 0, 0, 0, 0, 0, 0, 0, 0, 0, 0, 0, 0, 0, 0, 0, 0, 0, 0, 0, 0, 0, 0, 0, 0, 0, 0, 0, 0, 0, 0, 0, 0, 0, 0, 0, 0, 0, 0, 0, 0, 0, 0, 0, 0, 0, 0, 0], "bins": [0.0, 0.015625, 0.03125, 0.046875, 0.0625, 0.078125, 0.09375, 0.109375, 0.125, 0.140625, 0.15625, 0.171875, 0.1875, 0.203125, 0.21875, 0.234375, 0.25, 0.265625, 0.28125, 0.296875, 0.3125, 0.328125, 0.34375, 0.359375, 0.375, 0.390625, 0.40625, 0.421875, 0.4375, 0.453125, 0.46875, 0.484375, 0.5, 0.515625, 0.53125, 0.546875, 0.5625, 0.578125, 0.59375, 0.609375, 0.625, 0.640625, 0.65625, 0.671875, 0.6875, 0.703125, 0.71875, 0.734375, 0.75, 0.765625, 0.78125, 0.796875, 0.8125, 0.828125, 0.84375, 0.859375, 0.875, 0.890625, 0.90625, 0.921875, 0.9375, 0.953125, 0.96875, 0.984375, 1.0]}, "pool_indices_task0_per_step": {"_type": "histogram", "values": [1, 0, 0, 0, 0, 0, 0, 0, 0, 0, 0, 0, 0, 0, 0, 0, 0, 0, 0, 0, 0, 0, 0, 0, 0, 0, 0, 0, 0, 0, 0, 0, 0, 0, 0, 0, 0, 0, 0, 0, 0, 0, 0, 0, 0, 0, 0, 0, 0, 0, 0, 1, 0, 0, 0, 0, 0, 0, 0, 0, 0, 0, 0, 1], "bins": [2.0, 2.078125, 2.15625, 2.234375, 2.3125, 2.390625, 2.46875, 2.546875, 2.625, 2.703125, 2.78125, 2.859375, 2.9375, 3.015625, 3.09375, 3.171875, 3.25, 3.328125, 3.40625, 3.484375, 3.5625, 3.640625, 3.71875, 3.796875, 3.875, 3.953125, 4.03125, 4.109375, 4.1875, 4.265625, 4.34375, 4.421875, 4.5, 4.578125, 4.65625, 4.734375, 4.8125, 4.890625, 4.96875, 5.046875, 5.125, 5.203125, 5.28125, 5.359375, 5.4375, 5.515625, 5.59375, 5.671875, 5.75, 5.828125, 5.90625, 5.984375, 6.0625, 6.140625, 6.21875, 6.296875, 6.375, 6.453125, 6.53125, 6.609375, 6.6875, 6.765625, 6.84375, 6.921875, 7.0]}, "errors_run1_task0_per_epoch": 229, "cumulative_reward_run1_task0_per_epoch": -1, "cumulative_loss_run1_task0_per_epoch": 0.007923084311187267, "pool_indices_run1_task0_per_epoch": {"_type": "histogram", "values": [0, 0, 0, 0, 0, 0, 0, 0, 0, 0, 0, 0, 0, 0, 0, 0, 0, 0, 0, 0, 0, 0, 0, 0, 0, 0, 0, 0, 0, 0, 0, 0, 0, 0, 0, 0, 0, 0, 0, 0, 0, 0, 0, 0, 0, 0, 0, 0, 0, 0, 0, 0, 0, 0, 0, 0, 0, 0, 0, 0, 0, 0, 0, 0], "bins": [0.0, 0.015625, 0.03125, 0.046875, 0.0625, 0.078125, 0.09375, 0.109375, 0.125, 0.140625, 0.15625, 0.171875, 0.1875, 0.203125, 0.21875, 0.234375, 0.25, 0.265625, 0.28125, 0.296875, 0.3125, 0.328125, 0.34375, 0.359375, 0.375, 0.390625, 0.40625, 0.421875, 0.4375, 0.453125, 0.46875, 0.484375, 0.5, 0.515625, 0.53125, 0.546875, 0.5625, 0.578125, 0.59375, 0.609375, 0.625, 0.640625, 0.65625, 0.671875, 0.6875, 0.703125, 0.71875, 0.734375, 0.75, 0.765625, 0.78125, 0.796875, 0.8125, 0.828125, 0.84375, 0.859375, 0.875, 0.890625, 0.90625, 0.921875, 0.9375, 0.953125, 0.96875, 0.984375, 1.0]}, "Sine curve (run=1, epoch=0, task=1)": {"_type": "image-file", "sha256": "6515654e8cc93956d49c11d2f83a380419c6d5f3b8e5c8d163deb8bce194a5bf", "size": 37946, "path": "media/images/Sine curve (run=1, epoch=0, task=1)_4120_6515654e8cc93956d49c.png", "format": "png", "width": 546, "height": 410}, "_wandb": {"runtime": 26}}