{"loss_task0": 0.013901845552027225, "_timestamp": 1699309357.7187734, "_runtime": 70.51000428199768, "_step": 8003, "reward_task0": 0.013901845552027225, "pool_indices_task0": {"_type": "histogram", "values": [1, 0, 0, 0, 0, 0, 0, 0, 1, 0, 0, 0, 0, 0, 0, 0, 0, 0, 0, 0, 0, 0, 0, 0, 0, 0, 0, 0, 0, 0, 0, 0, 0, 0, 0, 0, 0, 0, 0, 0, 1, 0, 0, 0, 0, 0, 0, 0, 0, 0, 0, 0, 0, 0, 0, 0, 1, 0, 0, 0, 0, 0, 0, 1], "bins": [3.0, 3.125, 3.25, 3.375, 3.5, 3.625, 3.75, 3.875, 4.0, 4.125, 4.25, 4.375, 4.5, 4.625, 4.75, 4.875, 5.0, 5.125, 5.25, 5.375, 5.5, 5.625, 5.75, 5.875, 6.0, 6.125, 6.25, 6.375, 6.5, 6.625, 6.75, 6.875, 7.0, 7.125, 7.25, 7.375, 7.5, 7.625, 7.75, 7.875, 8.0, 8.125, 8.25, 8.375, 8.5, 8.625, 8.75, 8.875, 9.0, 9.125, 9.25, 9.375, 9.5, 9.625, 9.75, 9.875, 10.0, 10.125, 10.25, 10.375, 10.5, 10.625, 10.75, 10.875, 11.0]}, "action_types_task0": {"_type": "histogram", "values": [902, 0, 0, 0, 0, 0, 0, 0, 0, 0, 0, 0, 0, 0, 0, 0, 0, 0, 0, 0, 0, 137, 0, 0, 0, 0, 0, 0, 0, 0, 0, 0, 0, 0, 0, 0, 0, 0, 0, 0, 0, 0, 134, 0, 0, 0, 0, 0, 0, 0, 0, 0, 0, 0, 0, 0, 0, 0, 0, 0, 0, 0, 0, 832], "bins": [0.0, 0.046875, 0.09375, 0.140625, 0.1875, 0.234375, 0.28125, 0.328125, 0.375, 0.421875, 0.46875, 0.515625, 0.5625, 0.609375, 0.65625, 0.703125, 0.75, 0.796875, 0.84375, 0.890625, 0.9375, 0.984375, 1.03125, 1.078125, 1.125, 1.171875, 1.21875, 1.265625, 1.3125, 1.359375, 1.40625, 1.453125, 1.5, 1.546875, 1.59375, 1.640625, 1.6875, 1.734375, 1.78125, 1.828125, 1.875, 1.921875, 1.96875, 2.015625, 2.0625, 2.109375, 2.15625, 2.203125, 2.25, 2.296875, 2.34375, 2.390625, 2.4375, 2.484375, 2.53125, 2.578125, 2.625, 2.671875, 2.71875, 2.765625, 2.8125, 2.859375, 2.90625, 2.953125, 3.0]}, "average_reward_per_episode/task0": 0.0, "average_steps_per_episode/task0": 1.0, "errors_per_epoch/task0": 832, "sine_curve_epoch_0_task_0": {"_type": "image-file", "sha256": "4a8493d9f8c0f5dc2c49469b89a46859815f6a5f6afbe616cf9c95e448f81999", "size": 34235, "path": "media/images/sine_curve_epoch_0_task_0_8003_4a8493d9f8c0f5dc2c49.png", "format": "png", "width": 640, "height": 480}, "_wandb": {"runtime": 66}}