{"errors_run{'meta_learning_rate': 0.01, 'sb3_model': 'PPO'}_task0_per_epoch": 48, "_timestamp": 1703383593.1473198, "_runtime": 68.92724585533142, "_step": 71, "cumulative_reward_run{'meta_learning_rate': 0.01, 'sb3_model': 'PPO'}_task0_per_epoch": -47.68760746717453, "cumulative_loss_run{'meta_learning_rate': 0.01, 'sb3_model': 'PPO'}_task0_per_epoch": 660.0994601249695, "pool_indices_run{'meta_learning_rate': 0.01, 'sb3_model': 'PPO'}_task0_per_epoch": {"_type": "histogram", "values": [1, 0, 0, 0, 0, 0, 0, 0, 0, 0, 0, 0, 0, 0, 0, 0, 0, 0, 0, 0, 0, 0, 0, 0, 0, 0, 0, 0, 0, 0, 0, 0, 0, 0, 0, 0, 0, 0, 0, 0, 0, 0, 0, 0, 0, 0, 0, 0, 0, 0, 0, 0, 0, 0, 0, 0, 0, 0, 0, 0, 0, 0, 0, 1], "bins": [3.0, 3.03125, 3.0625, 3.09375, 3.125, 3.15625, 3.1875, 3.21875, 3.25, 3.28125, 3.3125, 3.34375, 3.375, 3.40625, 3.4375, 3.46875, 3.5, 3.53125, 3.5625, 3.59375, 3.625, 3.65625, 3.6875, 3.71875, 3.75, 3.78125, 3.8125, 3.84375, 3.875, 3.90625, 3.9375, 3.96875, 4.0, 4.03125, 4.0625, 4.09375, 4.125, 4.15625, 4.1875, 4.21875, 4.25, 4.28125, 4.3125, 4.34375, 4.375, 4.40625, 4.4375, 4.46875, 4.5, 4.53125, 4.5625, 4.59375, 4.625, 4.65625, 4.6875, 4.71875, 4.75, 4.78125, 4.8125, 4.84375, 4.875, 4.90625, 4.9375, 4.96875, 5.0]}, "errors_run{'meta_learning_rate': 0.01, 'sb3_model': 'PPO'}_task1_per_epoch": 49, "cumulative_reward_run{'meta_learning_rate': 0.01, 'sb3_model': 'PPO'}_task1_per_epoch": -48.907703533768654, "cumulative_loss_run{'meta_learning_rate': 0.01, 'sb3_model': 'PPO'}_task1_per_epoch": 74.25971671938896, "pool_indices_run{'meta_learning_rate': 0.01, 'sb3_model': 'PPO'}_task1_per_epoch": {"_type": "histogram", "values": [0, 0, 0, 0, 0, 0, 0, 0, 0, 0, 0, 0, 0, 0, 0, 0, 0, 0, 0, 0, 0, 0, 0, 0, 0, 0, 0, 0, 0, 0, 0, 0, 1, 0, 0, 0, 0, 0, 0, 0, 0, 0, 0, 0, 0, 0, 0, 0, 0, 0, 0, 0, 0, 0, 0, 0, 0, 0, 0, 0, 0, 0, 0, 0], "bins": [2.5, 2.515625, 2.53125, 2.546875, 2.5625, 2.578125, 2.59375, 2.609375, 2.625, 2.640625, 2.65625, 2.671875, 2.6875, 2.703125, 2.71875, 2.734375, 2.75, 2.765625, 2.78125, 2.796875, 2.8125, 2.828125, 2.84375, 2.859375, 2.875, 2.890625, 2.90625, 2.921875, 2.9375, 2.953125, 2.96875, 2.984375, 3.0, 3.015625, 3.03125, 3.046875, 3.0625, 3.078125, 3.09375, 3.109375, 3.125, 3.140625, 3.15625, 3.171875, 3.1875, 3.203125, 3.21875, 3.234375, 3.25, 3.265625, 3.28125, 3.296875, 3.3125, 3.328125, 3.34375, 3.359375, 3.375, 3.390625, 3.40625, 3.421875, 3.4375, 3.453125, 3.46875, 3.484375, 3.5]}, "errors_run{'meta_learning_rate': 0.001, 'sb3_model': 'PPO'}_task0_per_epoch": 24, "cumulative_reward_run{'meta_learning_rate': 0.001, 'sb3_model': 'PPO'}_task0_per_epoch": 0, "cumulative_loss_run{'meta_learning_rate': 0.001, 'sb3_model': 'PPO'}_task0_per_epoch": 0, "pool_indices_run{'meta_learning_rate': 0.001, 'sb3_model': 'PPO'}_task0_per_epoch": {"_type": "histogram", "values": [0, 0, 0, 0, 0, 0, 0, 0, 0, 0, 0, 0, 0, 0, 0, 0, 0, 0, 0, 0, 0, 0, 0, 0, 0, 0, 0, 0, 0, 0, 0, 0, 0, 0, 0, 0, 0, 0, 0, 0, 0, 0, 0, 0, 0, 0, 0, 0, 0, 0, 0, 0, 0, 0, 0, 0, 0, 0, 0, 0, 0, 0, 0, 0], "bins": [0.0, 0.015625, 0.03125, 0.046875, 0.0625, 0.078125, 0.09375, 0.109375, 0.125, 0.140625, 0.15625, 0.171875, 0.1875, 0.203125, 0.21875, 0.234375, 0.25, 0.265625, 0.28125, 0.296875, 0.3125, 0.328125, 0.34375, 0.359375, 0.375, 0.390625, 0.40625, 0.421875, 0.4375, 0.453125, 0.46875, 0.484375, 0.5, 0.515625, 0.53125, 0.546875, 0.5625, 0.578125, 0.59375, 0.609375, 0.625, 0.640625, 0.65625, 0.671875, 0.6875, 0.703125, 0.71875, 0.734375, 0.75, 0.765625, 0.78125, 0.796875, 0.8125, 0.828125, 0.84375, 0.859375, 0.875, 0.890625, 0.90625, 0.921875, 0.9375, 0.953125, 0.96875, 0.984375, 1.0]}, "errors_run{'meta_learning_rate': 0.001, 'sb3_model': 'PPO'}_task1_per_epoch": 25, "cumulative_reward_run{'meta_learning_rate': 0.001, 'sb3_model': 'PPO'}_task1_per_epoch": -0.6737278997898102, "cumulative_loss_run{'meta_learning_rate': 0.001, 'sb3_model': 'PPO'}_task1_per_epoch": 1.6450700759887695, "pool_indices_run{'meta_learning_rate': 0.001, 'sb3_model': 'PPO'}_task1_per_epoch": {"_type": "histogram", "values": [0, 0, 0, 0, 0, 0, 0, 0, 0, 0, 0, 0, 0, 0, 0, 0, 0, 0, 0, 0, 0, 0, 0, 0, 0, 0, 0, 0, 0, 0, 0, 0, 0, 0, 0, 0, 0, 0, 0, 0, 0, 0, 0, 0, 0, 0, 0, 0, 0, 0, 0, 0, 0, 0, 0, 0, 0, 0, 0, 0, 0, 0, 0, 0], "bins": [0.0, 0.015625, 0.03125, 0.046875, 0.0625, 0.078125, 0.09375, 0.109375, 0.125, 0.140625, 0.15625, 0.171875, 0.1875, 0.203125, 0.21875, 0.234375, 0.25, 0.265625, 0.28125, 0.296875, 0.3125, 0.328125, 0.34375, 0.359375, 0.375, 0.390625, 0.40625, 0.421875, 0.4375, 0.453125, 0.46875, 0.484375, 0.5, 0.515625, 0.53125, 0.546875, 0.5625, 0.578125, 0.59375, 0.609375, 0.625, 0.640625, 0.65625, 0.671875, 0.6875, 0.703125, 0.71875, 0.734375, 0.75, 0.765625, 0.78125, 0.796875, 0.8125, 0.828125, 0.84375, 0.859375, 0.875, 0.890625, 0.90625, 0.921875, 0.9375, 0.953125, 0.96875, 0.984375, 1.0]}, "errors_run{'meta_learning_rate': 0.0003, 'sb3_model': 'PPO'}_task0_per_epoch": 23, "cumulative_reward_run{'meta_learning_rate': 0.0003, 'sb3_model': 'PPO'}_task0_per_epoch": -1.7882146537303925, "cumulative_loss_run{'meta_learning_rate': 0.0003, 'sb3_model': 'PPO'}_task0_per_epoch": 27.496045112609863, "pool_indices_run{'meta_learning_rate': 0.0003, 'sb3_model': 'PPO'}_task0_per_epoch": {"_type": "histogram", "values": [0, 0, 0, 0, 0, 0, 0, 0, 0, 0, 0, 0, 0, 0, 0, 0, 0, 0, 0, 0, 0, 0, 0, 0, 0, 0, 0, 0, 0, 0, 0, 0, 0, 0, 0, 0, 0, 0, 0, 0, 0, 0, 0, 0, 0, 0, 0, 0, 0, 0, 0, 0, 0, 0, 0, 0, 0, 0, 0, 0, 0, 0, 0, 0], "bins": [0.0, 0.015625, 0.03125, 0.046875, 0.0625, 0.078125, 0.09375, 0.109375, 0.125, 0.140625, 0.15625, 0.171875, 0.1875, 0.203125, 0.21875, 0.234375, 0.25, 0.265625, 0.28125, 0.296875, 0.3125, 0.328125, 0.34375, 0.359375, 0.375, 0.390625, 0.40625, 0.421875, 0.4375, 0.453125, 0.46875, 0.484375, 0.5, 0.515625, 0.53125, 0.546875, 0.5625, 0.578125, 0.59375, 0.609375, 0.625, 0.640625, 0.65625, 0.671875, 0.6875, 0.703125, 0.71875, 0.734375, 0.75, 0.765625, 0.78125, 0.796875, 0.8125, 0.828125, 0.84375, 0.859375, 0.875, 0.890625, 0.90625, 0.921875, 0.9375, 0.953125, 0.96875, 0.984375, 1.0]}, "errors_run{'meta_learning_rate': 0.0003, 'sb3_model': 'PPO'}_task1_per_epoch": 25, "cumulative_reward_run{'meta_learning_rate': 0.0003, 'sb3_model': 'PPO'}_task1_per_epoch": -4, "cumulative_loss_run{'meta_learning_rate': 0.0003, 'sb3_model': 'PPO'}_task1_per_epoch": 0.8335998356342316, "pool_indices_run{'meta_learning_rate': 0.0003, 'sb3_model': 'PPO'}_task1_per_epoch": {"_type": "histogram", "values": [0, 0, 0, 0, 0, 0, 0, 0, 0, 0, 0, 0, 0, 0, 0, 0, 0, 0, 0, 0, 0, 0, 0, 0, 0, 0, 0, 0, 0, 0, 0, 0, 0, 0, 0, 0, 0, 0, 0, 0, 0, 0, 0, 0, 0, 0, 0, 0, 0, 0, 0, 0, 0, 0, 0, 0, 0, 0, 0, 0, 0, 0, 0, 0], "bins": [0.0, 0.015625, 0.03125, 0.046875, 0.0625, 0.078125, 0.09375, 0.109375, 0.125, 0.140625, 0.15625, 0.171875, 0.1875, 0.203125, 0.21875, 0.234375, 0.25, 0.265625, 0.28125, 0.296875, 0.3125, 0.328125, 0.34375, 0.359375, 0.375, 0.390625, 0.40625, 0.421875, 0.4375, 0.453125, 0.46875, 0.484375, 0.5, 0.515625, 0.53125, 0.546875, 0.5625, 0.578125, 0.59375, 0.609375, 0.625, 0.640625, 0.65625, 0.671875, 0.6875, 0.703125, 0.71875, 0.734375, 0.75, 0.765625, 0.78125, 0.796875, 0.8125, 0.828125, 0.84375, 0.859375, 0.875, 0.890625, 0.90625, 0.921875, 0.9375, 0.953125, 0.96875, 0.984375, 1.0]}, "_wandb": {"runtime": 68}}