{"loss_task4_per_step": 0.035572029650211334, "_timestamp": 1703736804.3565521, "_runtime": 22148.993980169296, "_step": 1109021, "reward_task4_per_step": -0.0020823332015424967, "pool_indices_task4_per_step": {"_type": "histogram", "values": [1, 0, 0, 0, 0, 0, 0, 0, 0, 0, 0, 0, 0, 0, 0, 0, 0, 0, 0, 0, 0, 0, 0, 0, 0, 0, 0, 0, 0, 0, 0, 0, 0, 0, 0, 0, 0, 0, 0, 0, 0, 0, 0, 0, 1, 0, 0, 0, 0, 0, 0, 0, 0, 0, 0, 0, 0, 0, 0, 0, 0, 0, 0, 1], "bins": [1.0, 1.203125, 1.40625, 1.609375, 1.8125, 2.015625, 2.21875, 2.421875, 2.625, 2.828125, 3.03125, 3.234375, 3.4375, 3.640625, 3.84375, 4.046875, 4.25, 4.453125, 4.65625, 4.859375, 5.0625, 5.265625, 5.46875, 5.671875, 5.875, 6.078125, 6.28125, 6.484375, 6.6875, 6.890625, 7.09375, 7.296875, 7.5, 7.703125, 7.90625, 8.109375, 8.3125, 8.515625, 8.71875, 8.921875, 9.125, 9.328125, 9.53125, 9.734375, 9.9375, 10.140625, 10.34375, 10.546875, 10.75, 10.953125, 11.15625, 11.359375, 11.5625, 11.765625, 11.96875, 12.171875, 12.375, 12.578125, 12.78125, 12.984375, 13.1875, 13.390625, 13.59375, 13.796875, 14.0]}, "loss_task6_per_step": 0.017466725781559944, "reward_task6_per_step": -0.0005875994684174657, "pool_indices_task6_per_step": {"_type": "histogram", "values": [1, 0, 0, 0, 0, 0, 0, 0, 0, 0, 0, 0, 0, 0, 0, 0, 0, 0, 0, 0, 0, 0, 0, 0, 0, 0, 0, 0, 0, 0, 0, 0, 0, 0, 0, 0, 0, 0, 0, 0, 0, 0, 0, 0, 0, 0, 0, 0, 0, 0, 0, 0, 0, 0, 1, 0, 0, 0, 0, 0, 0, 0, 0, 1], "bins": [4.0, 4.203125, 4.40625, 4.609375, 4.8125, 5.015625, 5.21875, 5.421875, 5.625, 5.828125, 6.03125, 6.234375, 6.4375, 6.640625, 6.84375, 7.046875, 7.25, 7.453125, 7.65625, 7.859375, 8.0625, 8.265625, 8.46875, 8.671875, 8.875, 9.078125, 9.28125, 9.484375, 9.6875, 9.890625, 10.09375, 10.296875, 10.5, 10.703125, 10.90625, 11.109375, 11.3125, 11.515625, 11.71875, 11.921875, 12.125, 12.328125, 12.53125, 12.734375, 12.9375, 13.140625, 13.34375, 13.546875, 13.75, 13.953125, 14.15625, 14.359375, 14.5625, 14.765625, 14.96875, 15.171875, 15.375, 15.578125, 15.78125, 15.984375, 16.1875, 16.390625, 16.59375, 16.796875, 17.0]}, "loss_task1_per_step": 0.01848081313073635, "reward_task1_per_step": -0.0006183699006214738, "pool_indices_task1_per_step": {"_type": "histogram", "values": [1, 0, 0, 0, 0, 0, 0, 0, 0, 0, 0, 0, 0, 0, 0, 0, 0, 0, 0, 0, 0, 0, 1, 0, 0, 0, 0, 0, 0, 0, 0, 0, 0, 0, 0, 0, 0, 0, 0, 0, 0, 0, 0, 0, 0, 0, 0, 0, 0, 0, 0, 0, 0, 0, 0, 0, 0, 0, 0, 0, 0, 0, 0, 1], "bins": [1.0, 1.21875, 1.4375, 1.65625, 1.875, 2.09375, 2.3125, 2.53125, 2.75, 2.96875, 3.1875, 3.40625, 3.625, 3.84375, 4.0625, 4.28125, 4.5, 4.71875, 4.9375, 5.15625, 5.375, 5.59375, 5.8125, 6.03125, 6.25, 6.46875, 6.6875, 6.90625, 7.125, 7.34375, 7.5625, 7.78125, 8.0, 8.21875, 8.4375, 8.65625, 8.875, 9.09375, 9.3125, 9.53125, 9.75, 9.96875, 10.1875, 10.40625, 10.625, 10.84375, 11.0625, 11.28125, 11.5, 11.71875, 11.9375, 12.15625, 12.375, 12.59375, 12.8125, 13.03125, 13.25, 13.46875, 13.6875, 13.90625, 14.125, 14.34375, 14.5625, 14.78125, 15.0]}, "loss_task0_per_step": 0.0945093184709549, "reward_task0_per_step": -0.0022025532089173794, "pool_indices_task0_per_step": {"_type": "histogram", "values": [1, 0, 0, 0, 0, 0, 0, 1, 0, 0, 0, 0, 0, 0, 0, 0, 0, 0, 0, 0, 0, 0, 0, 0, 0, 0, 0, 0, 0, 0, 0, 0, 0, 0, 0, 0, 0, 0, 0, 0, 0, 0, 0, 0, 0, 0, 0, 0, 0, 0, 0, 0, 0, 0, 0, 0, 0, 0, 0, 0, 0, 0, 0, 1], "bins": [3.0, 3.265625, 3.53125, 3.796875, 4.0625, 4.328125, 4.59375, 4.859375, 5.125, 5.390625, 5.65625, 5.921875, 6.1875, 6.453125, 6.71875, 6.984375, 7.25, 7.515625, 7.78125, 8.046875, 8.3125, 8.578125, 8.84375, 9.109375, 9.375, 9.640625, 9.90625, 10.171875, 10.4375, 10.703125, 10.96875, 11.234375, 11.5, 11.765625, 12.03125, 12.296875, 12.5625, 12.828125, 13.09375, 13.359375, 13.625, 13.890625, 14.15625, 14.421875, 14.6875, 14.953125, 15.21875, 15.484375, 15.75, 16.015625, 16.28125, 16.546875, 16.8125, 17.078125, 17.34375, 17.609375, 17.875, 18.140625, 18.40625, 18.671875, 18.9375, 19.203125, 19.46875, 19.734375, 20.0]}, "loss_task2_per_step": 5.470283031463623, "reward_task2_per_step": -0.02873608097434044, "pool_indices_task2_per_step": {"_type": "histogram", "values": [1, 0, 0, 0, 0, 0, 0, 0, 0, 0, 0, 0, 0, 0, 0, 0, 0, 0, 0, 0, 0, 0, 0, 0, 0, 0, 0, 0, 0, 0, 0, 0, 0, 0, 0, 0, 0, 0, 1, 0, 0, 0, 0, 0, 0, 0, 0, 0, 0, 0, 0, 0, 0, 0, 0, 0, 0, 0, 0, 0, 0, 0, 0, 1], "bins": [3.0, 3.234375, 3.46875, 3.703125, 3.9375, 4.171875, 4.40625, 4.640625, 4.875, 5.109375, 5.34375, 5.578125, 5.8125, 6.046875, 6.28125, 6.515625, 6.75, 6.984375, 7.21875, 7.453125, 7.6875, 7.921875, 8.15625, 8.390625, 8.625, 8.859375, 9.09375, 9.328125, 9.5625, 9.796875, 10.03125, 10.265625, 10.5, 10.734375, 10.96875, 11.203125, 11.4375, 11.671875, 11.90625, 12.140625, 12.375, 12.609375, 12.84375, 13.078125, 13.3125, 13.546875, 13.78125, 14.015625, 14.25, 14.484375, 14.71875, 14.953125, 15.1875, 15.421875, 15.65625, 15.890625, 16.125, 16.359375, 16.59375, 16.828125, 17.0625, 17.296875, 17.53125, 17.765625, 18.0]}, "loss_task5_per_step": 1.6827540397644043, "reward_task5_per_step": -0.00766345439478755, "pool_indices_task5_per_step": {"_type": "histogram", "values": [1, 0, 0, 0, 0, 0, 0, 0, 0, 0, 0, 0, 0, 0, 0, 0, 0, 0, 0, 0, 0, 0, 0, 0, 0, 0, 0, 0, 0, 0, 0, 0, 0, 0, 0, 0, 0, 0, 0, 0, 0, 0, 0, 0, 0, 0, 0, 0, 0, 0, 0, 1, 0, 0, 0, 0, 0, 0, 0, 0, 0, 0, 0, 1], "bins": [10.0, 10.078125, 10.15625, 10.234375, 10.3125, 10.390625, 10.46875, 10.546875, 10.625, 10.703125, 10.78125, 10.859375, 10.9375, 11.015625, 11.09375, 11.171875, 11.25, 11.328125, 11.40625, 11.484375, 11.5625, 11.640625, 11.71875, 11.796875, 11.875, 11.953125, 12.03125, 12.109375, 12.1875, 12.265625, 12.34375, 12.421875, 12.5, 12.578125, 12.65625, 12.734375, 12.8125, 12.890625, 12.96875, 13.046875, 13.125, 13.203125, 13.28125, 13.359375, 13.4375, 13.515625, 13.59375, 13.671875, 13.75, 13.828125, 13.90625, 13.984375, 14.0625, 14.140625, 14.21875, 14.296875, 14.375, 14.453125, 14.53125, 14.609375, 14.6875, 14.765625, 14.84375, 14.921875, 15.0]}, "loss_task3_per_step": 0.08896387368440628, "reward_task3_per_step": NaN, "pool_indices_task3_per_step": {"_type": "histogram", "values": [1, 0, 0, 0, 0, 0, 0, 0, 0, 0, 0, 0, 0, 0, 0, 0, 0, 0, 0, 0, 0, 0, 0, 0, 0, 1, 0, 0, 0, 0, 0, 0, 0, 0, 0, 0, 0, 0, 0, 0, 0, 0, 0, 0, 0, 0, 0, 0, 0, 0, 0, 0, 0, 0, 0, 0, 0, 0, 0, 0, 0, 0, 0, 1], "bins": [2.0, 2.15625, 2.3125, 2.46875, 2.625, 2.78125, 2.9375, 3.09375, 3.25, 3.40625, 3.5625, 3.71875, 3.875, 4.03125, 4.1875, 4.34375, 4.5, 4.65625, 4.8125, 4.96875, 5.125, 5.28125, 5.4375, 5.59375, 5.75, 5.90625, 6.0625, 6.21875, 6.375, 6.53125, 6.6875, 6.84375, 7.0, 7.15625, 7.3125, 7.46875, 7.625, 7.78125, 7.9375, 8.09375, 8.25, 8.40625, 8.5625, 8.71875, 8.875, 9.03125, 9.1875, 9.34375, 9.5, 9.65625, 9.8125, 9.96875, 10.125, 10.28125, 10.4375, 10.59375, 10.75, 10.90625, 11.0625, 11.21875, 11.375, 11.53125, 11.6875, 11.84375, 12.0]}}