{"loss_task1_per_step": 0.020024972036480904, "_timestamp": 1703704693.0514867, "_runtime": 625.1504356861115, "_step": 36863, "reward_task1_per_step": 0.00026604734011925757, "pool_indices_task1_per_step": {"_type": "histogram", "values": [1, 0, 0, 0, 0, 0, 0, 0, 0, 0, 0, 0, 0, 0, 0, 0, 0, 0, 0, 0, 0, 0, 0, 0, 0, 0, 0, 1, 0, 0, 0, 0, 0, 0, 0, 0, 0, 0, 0, 0, 0, 0, 0, 0, 0, 0, 0, 0, 0, 0, 0, 0, 0, 0, 0, 0, 0, 0, 0, 0, 0, 0, 0, 1], "bins": [8.0, 8.109375, 8.21875, 8.328125, 8.4375, 8.546875, 8.65625, 8.765625, 8.875, 8.984375, 9.09375, 9.203125, 9.3125, 9.421875, 9.53125, 9.640625, 9.75, 9.859375, 9.96875, 10.078125, 10.1875, 10.296875, 10.40625, 10.515625, 10.625, 10.734375, 10.84375, 10.953125, 11.0625, 11.171875, 11.28125, 11.390625, 11.5, 11.609375, 11.71875, 11.828125, 11.9375, 12.046875, 12.15625, 12.265625, 12.375, 12.484375, 12.59375, 12.703125, 12.8125, 12.921875, 13.03125, 13.140625, 13.25, 13.359375, 13.46875, 13.578125, 13.6875, 13.796875, 13.90625, 14.015625, 14.125, 14.234375, 14.34375, 14.453125, 14.5625, 14.671875, 14.78125, 14.890625, 15.0]}, "loss_task0_per_step": 1.8779910802841187, "reward_task0_per_step": -0.13924674689769745, "pool_indices_task0_per_step": {"_type": "histogram", "values": [0, 0, 0, 0, 0, 0, 0, 0, 0, 0, 0, 0, 0, 0, 0, 0, 0, 0, 0, 0, 0, 0, 0, 0, 0, 0, 0, 0, 0, 0, 0, 0, 1, 0, 0, 0, 0, 0, 0, 0, 0, 0, 0, 0, 0, 0, 0, 0, 0, 0, 0, 0, 0, 0, 0, 0, 0, 0, 0, 0, 0, 0, 0, 0], "bins": [12.5, 12.515625, 12.53125, 12.546875, 12.5625, 12.578125, 12.59375, 12.609375, 12.625, 12.640625, 12.65625, 12.671875, 12.6875, 12.703125, 12.71875, 12.734375, 12.75, 12.765625, 12.78125, 12.796875, 12.8125, 12.828125, 12.84375, 12.859375, 12.875, 12.890625, 12.90625, 12.921875, 12.9375, 12.953125, 12.96875, 12.984375, 13.0, 13.015625, 13.03125, 13.046875, 13.0625, 13.078125, 13.09375, 13.109375, 13.125, 13.140625, 13.15625, 13.171875, 13.1875, 13.203125, 13.21875, 13.234375, 13.25, 13.265625, 13.28125, 13.296875, 13.3125, 13.328125, 13.34375, 13.359375, 13.375, 13.390625, 13.40625, 13.421875, 13.4375, 13.453125, 13.46875, 13.484375, 13.5]}, "loss_task2_per_step": 23.79037857055664, "reward_task2_per_step": -0.16387829184532166, "pool_indices_task2_per_step": {"_type": "histogram", "values": [1, 0, 0, 0, 0, 0, 0, 0, 0, 0, 0, 0, 0, 0, 0, 0, 0, 0, 0, 0, 0, 0, 0, 0, 0, 0, 0, 0, 0, 0, 0, 0, 0, 0, 0, 0, 0, 0, 0, 0, 0, 0, 0, 0, 0, 0, 0, 0, 0, 0, 0, 0, 0, 0, 0, 0, 0, 0, 0, 0, 0, 0, 0, 1], "bins": [1.0, 1.203125, 1.40625, 1.609375, 1.8125, 2.015625, 2.21875, 2.421875, 2.625, 2.828125, 3.03125, 3.234375, 3.4375, 3.640625, 3.84375, 4.046875, 4.25, 4.453125, 4.65625, 4.859375, 5.0625, 5.265625, 5.46875, 5.671875, 5.875, 6.078125, 6.28125, 6.484375, 6.6875, 6.890625, 7.09375, 7.296875, 7.5, 7.703125, 7.90625, 8.109375, 8.3125, 8.515625, 8.71875, 8.921875, 9.125, 9.328125, 9.53125, 9.734375, 9.9375, 10.140625, 10.34375, 10.546875, 10.75, 10.953125, 11.15625, 11.359375, 11.5625, 11.765625, 11.96875, 12.171875, 12.375, 12.578125, 12.78125, 12.984375, 13.1875, 13.390625, 13.59375, 13.796875, 14.0]}, "loss_task5_per_step": 13.232518196105957, "reward_task5_per_step": -0.16590169072151184, "pool_indices_task5_per_step": {"_type": "histogram", "values": [0, 0, 0, 0, 0, 0, 0, 0, 0, 0, 0, 0, 0, 0, 0, 0, 0, 0, 0, 0, 0, 0, 0, 0, 0, 0, 0, 0, 0, 0, 0, 0, 0, 0, 0, 0, 0, 0, 0, 0, 0, 0, 0, 0, 0, 0, 0, 0, 0, 0, 0, 0, 0, 0, 0, 0, 0, 0, 0, 0, 0, 0, 0, 0], "bins": [0.0, 0.015625, 0.03125, 0.046875, 0.0625, 0.078125, 0.09375, 0.109375, 0.125, 0.140625, 0.15625, 0.171875, 0.1875, 0.203125, 0.21875, 0.234375, 0.25, 0.265625, 0.28125, 0.296875, 0.3125, 0.328125, 0.34375, 0.359375, 0.375, 0.390625, 0.40625, 0.421875, 0.4375, 0.453125, 0.46875, 0.484375, 0.5, 0.515625, 0.53125, 0.546875, 0.5625, 0.578125, 0.59375, 0.609375, 0.625, 0.640625, 0.65625, 0.671875, 0.6875, 0.703125, 0.71875, 0.734375, 0.75, 0.765625, 0.78125, 0.796875, 0.8125, 0.828125, 0.84375, 0.859375, 0.875, 0.890625, 0.90625, 0.921875, 0.9375, 0.953125, 0.96875, 0.984375, 1.0]}, "loss_task4_per_step": 0.028467359021306038, "reward_task4_per_step": -0.0011484298156574368, "pool_indices_task4_per_step": {"_type": "histogram", "values": [1, 0, 0, 0, 0, 0, 0, 0, 0, 0, 0, 0, 0, 0, 0, 0, 0, 0, 0, 0, 0, 0, 0, 0, 0, 0, 0, 0, 0, 0, 0, 0, 0, 0, 0, 0, 0, 0, 0, 0, 0, 0, 0, 0, 0, 0, 0, 0, 0, 0, 1, 0, 0, 0, 0, 0, 0, 0, 0, 0, 0, 0, 0, 1], "bins": [5.0, 5.21875, 5.4375, 5.65625, 5.875, 6.09375, 6.3125, 6.53125, 6.75, 6.96875, 7.1875, 7.40625, 7.625, 7.84375, 8.0625, 8.28125, 8.5, 8.71875, 8.9375, 9.15625, 9.375, 9.59375, 9.8125, 10.03125, 10.25, 10.46875, 10.6875, 10.90625, 11.125, 11.34375, 11.5625, 11.78125, 12.0, 12.21875, 12.4375, 12.65625, 12.875, 13.09375, 13.3125, 13.53125, 13.75, 13.96875, 14.1875, 14.40625, 14.625, 14.84375, 15.0625, 15.28125, 15.5, 15.71875, 15.9375, 16.15625, 16.375, 16.59375, 16.8125, 17.03125, 17.25, 17.46875, 17.6875, 17.90625, 18.125, 18.34375, 18.5625, 18.78125, 19.0]}, "loss_task6_per_step": 0.299428790807724, "reward_task6_per_step": -0.03466544300317764, "pool_indices_task6_per_step": {"_type": "histogram", "values": [1, 0, 0, 0, 0, 0, 0, 0, 0, 0, 0, 0, 0, 0, 0, 0, 0, 0, 0, 0, 0, 0, 0, 0, 0, 0, 0, 0, 0, 0, 0, 0, 0, 0, 0, 0, 0, 0, 0, 0, 0, 0, 0, 0, 0, 0, 0, 0, 0, 0, 0, 0, 0, 0, 0, 0, 0, 0, 0, 0, 0, 0, 0, 1], "bins": [11.0, 11.109375, 11.21875, 11.328125, 11.4375, 11.546875, 11.65625, 11.765625, 11.875, 11.984375, 12.09375, 12.203125, 12.3125, 12.421875, 12.53125, 12.640625, 12.75, 12.859375, 12.96875, 13.078125, 13.1875, 13.296875, 13.40625, 13.515625, 13.625, 13.734375, 13.84375, 13.953125, 14.0625, 14.171875, 14.28125, 14.390625, 14.5, 14.609375, 14.71875, 14.828125, 14.9375, 15.046875, 15.15625, 15.265625, 15.375, 15.484375, 15.59375, 15.703125, 15.8125, 15.921875, 16.03125, 16.140625, 16.25, 16.359375, 16.46875, 16.578125, 16.6875, 16.796875, 16.90625, 17.015625, 17.125, 17.234375, 17.34375, 17.453125, 17.5625, 17.671875, 17.78125, 17.890625, 18.0]}, "_wandb": {"runtime": 625}}