{"loss_task0_per_step": 0.0034438299480825663, "_timestamp": 1702959271.3907545, "_runtime": 23.30123734474182, "_step": 4228, "reward_task0_per_step": -0.0010476929601281881, "action_types_task0_per_step": {"_type": "histogram", "values": [0, 0, 0, 0, 0, 0, 0, 0, 0, 0, 0, 0, 0, 0, 0, 0, 0, 0, 0, 0, 0, 0, 0, 0, 0, 0, 0, 0, 0, 0, 0, 0, 0, 0, 0, 0, 0, 0, 0, 0, 0, 0, 0, 0, 0, 0, 0, 0, 0, 0, 0, 0, 0, 0, 0, 0, 0, 0, 0, 0, 0, 0, 0, 0], "bins": [0.0, 0.015625, 0.03125, 0.046875, 0.0625, 0.078125, 0.09375, 0.109375, 0.125, 0.140625, 0.15625, 0.171875, 0.1875, 0.203125, 0.21875, 0.234375, 0.25, 0.265625, 0.28125, 0.296875, 0.3125, 0.328125, 0.34375, 0.359375, 0.375, 0.390625, 0.40625, 0.421875, 0.4375, 0.453125, 0.46875, 0.484375, 0.5, 0.515625, 0.53125, 0.546875, 0.5625, 0.578125, 0.59375, 0.609375, 0.625, 0.640625, 0.65625, 0.671875, 0.6875, 0.703125, 0.71875, 0.734375, 0.75, 0.765625, 0.78125, 0.796875, 0.8125, 0.828125, 0.84375, 0.859375, 0.875, 0.890625, 0.90625, 0.921875, 0.9375, 0.953125, 0.96875, 0.984375, 1.0]}, "pool_indices_task0_per_step": {"_type": "histogram", "values": [1, 0, 0, 0, 0, 0, 0, 0, 0, 0, 0, 0, 1, 0, 0, 0, 0, 0, 0, 0, 0, 0, 0, 0, 0, 0, 0, 0, 0, 0, 0, 0, 0, 0, 0, 0, 0, 0, 0, 0, 0, 0, 0, 0, 0, 0, 0, 0, 0, 0, 0, 0, 0, 0, 0, 0, 0, 0, 0, 0, 0, 0, 0, 1], "bins": [0.0, 0.15625, 0.3125, 0.46875, 0.625, 0.78125, 0.9375, 1.09375, 1.25, 1.40625, 1.5625, 1.71875, 1.875, 2.03125, 2.1875, 2.34375, 2.5, 2.65625, 2.8125, 2.96875, 3.125, 3.28125, 3.4375, 3.59375, 3.75, 3.90625, 4.0625, 4.21875, 4.375, 4.53125, 4.6875, 4.84375, 5.0, 5.15625, 5.3125, 5.46875, 5.625, 5.78125, 5.9375, 6.09375, 6.25, 6.40625, 6.5625, 6.71875, 6.875, 7.03125, 7.1875, 7.34375, 7.5, 7.65625, 7.8125, 7.96875, 8.125, 8.28125, 8.4375, 8.59375, 8.75, 8.90625, 9.0625, 9.21875, 9.375, 9.53125, 9.6875, 9.84375, 10.0]}, "errors_run1_task0_per_epoch": 232, "cumulative_reward_run1_task0_per_epoch": -1, "cumulative_loss_run1_task0_per_epoch": 0.02720990777015686, "pool_indices_run1_task0_per_epoch": {"_type": "histogram", "values": [0, 0, 0, 0, 0, 0, 0, 0, 0, 0, 0, 0, 0, 0, 0, 0, 0, 0, 0, 0, 0, 0, 0, 0, 0, 0, 0, 0, 0, 0, 0, 0, 0, 0, 0, 0, 0, 0, 0, 0, 0, 0, 0, 0, 0, 0, 0, 0, 0, 0, 0, 0, 0, 0, 0, 0, 0, 0, 0, 0, 0, 0, 0, 0], "bins": [0.0, 0.015625, 0.03125, 0.046875, 0.0625, 0.078125, 0.09375, 0.109375, 0.125, 0.140625, 0.15625, 0.171875, 0.1875, 0.203125, 0.21875, 0.234375, 0.25, 0.265625, 0.28125, 0.296875, 0.3125, 0.328125, 0.34375, 0.359375, 0.375, 0.390625, 0.40625, 0.421875, 0.4375, 0.453125, 0.46875, 0.484375, 0.5, 0.515625, 0.53125, 0.546875, 0.5625, 0.578125, 0.59375, 0.609375, 0.625, 0.640625, 0.65625, 0.671875, 0.6875, 0.703125, 0.71875, 0.734375, 0.75, 0.765625, 0.78125, 0.796875, 0.8125, 0.828125, 0.84375, 0.859375, 0.875, 0.890625, 0.90625, 0.921875, 0.9375, 0.953125, 0.96875, 0.984375, 1.0]}, "Sine curve (run=1, epoch=0, task=1)": {"_type": "image-file", "sha256": "3768a243202099473afc95487c1cc58331eee6dd538d0c1ea4306010a7b58c65", "size": 37677, "path": "media/images/Sine curve (run=1, epoch=0, task=1)_4124_3768a243202099473afc.png", "format": "png", "width": 546, "height": 410}, "loss_task1_per_step": 14.614259719848633, "reward_task1_per_step": NaN, "action_types_task1_per_step": {"_type": "histogram", "values": [0, 0, 0, 0, 0, 0, 0, 0, 0, 0, 0, 0, 0, 0, 0, 0, 0, 0, 0, 0, 0, 0, 0, 0, 0, 0, 0, 0, 0, 0, 0, 0, 0, 0, 0, 0, 0, 0, 0, 0, 0, 0, 0, 0, 0, 0, 0, 0, 0, 0, 0, 0, 0, 0, 0, 0, 0, 0, 0, 0, 0, 0, 0, 0], "bins": [0.0, 0.015625, 0.03125, 0.046875, 0.0625, 0.078125, 0.09375, 0.109375, 0.125, 0.140625, 0.15625, 0.171875, 0.1875, 0.203125, 0.21875, 0.234375, 0.25, 0.265625, 0.28125, 0.296875, 0.3125, 0.328125, 0.34375, 0.359375, 0.375, 0.390625, 0.40625, 0.421875, 0.4375, 0.453125, 0.46875, 0.484375, 0.5, 0.515625, 0.53125, 0.546875, 0.5625, 0.578125, 0.59375, 0.609375, 0.625, 0.640625, 0.65625, 0.671875, 0.6875, 0.703125, 0.71875, 0.734375, 0.75, 0.765625, 0.78125, 0.796875, 0.8125, 0.828125, 0.84375, 0.859375, 0.875, 0.890625, 0.90625, 0.921875, 0.9375, 0.953125, 0.96875, 0.984375, 1.0]}, "pool_indices_task1_per_step": {"_type": "histogram", "values": [1, 0, 0, 0, 0, 0, 0, 0, 0, 0, 0, 0, 0, 0, 0, 0, 0, 0, 1, 0, 0, 0, 0, 0, 0, 0, 0, 0, 0, 0, 0, 0, 0, 0, 0, 0, 0, 0, 0, 0, 0, 0, 0, 0, 0, 0, 0, 0, 0, 0, 0, 0, 0, 0, 0, 0, 0, 0, 0, 0, 0, 0, 0, 1], "bins": [0.0, 0.21875, 0.4375, 0.65625, 0.875, 1.09375, 1.3125, 1.53125, 1.75, 1.96875, 2.1875, 2.40625, 2.625, 2.84375, 3.0625, 3.28125, 3.5, 3.71875, 3.9375, 4.15625, 4.375, 4.59375, 4.8125, 5.03125, 5.25, 5.46875, 5.6875, 5.90625, 6.125, 6.34375, 6.5625, 6.78125, 7.0, 7.21875, 7.4375, 7.65625, 7.875, 8.09375, 8.3125, 8.53125, 8.75, 8.96875, 9.1875, 9.40625, 9.625, 9.84375, 10.0625, 10.28125, 10.5, 10.71875, 10.9375, 11.15625, 11.375, 11.59375, 11.8125, 12.03125, 12.25, 12.46875, 12.6875, 12.90625, 13.125, 13.34375, 13.5625, 13.78125, 14.0]}, "_wandb": {"runtime": 23}}