{"loss_epoch0_task0": 0.0009611570276319981, "_timestamp": 1699204842.8639476, "_runtime": 4251.016058683395, "_step": 23684, "reward_epoch0_task0": -1, "pool_indices_epoch0_task0": {"_type": "histogram", "values": [1, 0, 0, 0, 0, 0, 0, 1, 0, 0, 0, 0, 0, 0, 0, 0, 0, 0, 0, 0, 0, 0, 0, 0, 0, 0, 0, 0, 0, 0, 0, 0, 0, 0, 0, 0, 0, 0, 0, 0, 0, 0, 0, 0, 0, 0, 0, 0, 0, 0, 0, 0, 1, 0, 0, 0, 1, 0, 0, 0, 0, 0, 0, 1], "bins": [0.0, 0.53125, 1.0625, 1.59375, 2.125, 2.65625, 3.1875, 3.71875, 4.25, 4.78125, 5.3125, 5.84375, 6.375, 6.90625, 7.4375, 7.96875, 8.5, 9.03125, 9.5625, 10.09375, 10.625, 11.15625, 11.6875, 12.21875, 12.75, 13.28125, 13.8125, 14.34375, 14.875, 15.40625, 15.9375, 16.46875, 17.0, 17.53125, 18.0625, 18.59375, 19.125, 19.65625, 20.1875, 20.71875, 21.25, 21.78125, 22.3125, 22.84375, 23.375, 23.90625, 24.4375, 24.96875, 25.5, 26.03125, 26.5625, 27.09375, 27.625, 28.15625, 28.6875, 29.21875, 29.75, 30.28125, 30.8125, 31.34375, 31.875, 32.40625, 32.9375, 33.46875, 34.0]}, "action_types_epoch0_task0": {"_type": "histogram", "values": [521, 0, 0, 0, 0, 0, 0, 0, 0, 0, 0, 0, 0, 0, 0, 0, 0, 0, 0, 0, 0, 11, 0, 0, 0, 0, 0, 0, 0, 0, 0, 0, 0, 0, 0, 0, 0, 0, 0, 0, 0, 0, 7, 0, 0, 0, 0, 0, 0, 0, 0, 0, 0, 0, 0, 0, 0, 0, 0, 0, 0, 0, 0, 158], "bins": [0.0, 0.046875, 0.09375, 0.140625, 0.1875, 0.234375, 0.28125, 0.328125, 0.375, 0.421875, 0.46875, 0.515625, 0.5625, 0.609375, 0.65625, 0.703125, 0.75, 0.796875, 0.84375, 0.890625, 0.9375, 0.984375, 1.03125, 1.078125, 1.125, 1.171875, 1.21875, 1.265625, 1.3125, 1.359375, 1.40625, 1.453125, 1.5, 1.546875, 1.59375, 1.640625, 1.6875, 1.734375, 1.78125, 1.828125, 1.875, 1.921875, 1.96875, 2.015625, 2.0625, 2.109375, 2.15625, 2.203125, 2.25, 2.296875, 2.34375, 2.390625, 2.4375, 2.484375, 2.53125, 2.578125, 2.625, 2.671875, 2.71875, 2.765625, 2.8125, 2.859375, 2.90625, 2.953125, 3.0]}, "sine_curve_epoch_0_task_0": {"_type": "image-file", "sha256": "e1dc860b825fd103be6a050538f22789d84d01f7667d2a199dde7528ec8fdd2c", "size": 35308, "path": "media/images/sine_curve_epoch_0_task_0_20916_e1dc860b825fd103be6a.png", "format": "png", "width": 640, "height": 480}, "_wandb": {"runtime": 4257}}