{"loss_epoch0_task0": 0.0012025696923956275, "_timestamp": 1699234749.0325794, "_runtime": 201.53376150131226, "_step": 8000, "reward_epoch0_task0": 0.0012025696923956275, "pool_indices_epoch0_task0": {"_type": "histogram", "values": [1, 0, 0, 0, 0, 0, 0, 0, 0, 0, 0, 0, 0, 0, 0, 0, 0, 1, 0, 0, 0, 0, 0, 0, 0, 0, 0, 0, 0, 0, 0, 0, 0, 0, 0, 1, 0, 0, 0, 0, 0, 0, 0, 0, 0, 0, 0, 0, 0, 0, 0, 0, 0, 0, 0, 0, 0, 0, 0, 0, 1, 0, 0, 1], "bins": [13.0, 13.28125, 13.5625, 13.84375, 14.125, 14.40625, 14.6875, 14.96875, 15.25, 15.53125, 15.8125, 16.09375, 16.375, 16.65625, 16.9375, 17.21875, 17.5, 17.78125, 18.0625, 18.34375, 18.625, 18.90625, 19.1875, 19.46875, 19.75, 20.03125, 20.3125, 20.59375, 20.875, 21.15625, 21.4375, 21.71875, 22.0, 22.28125, 22.5625, 22.84375, 23.125, 23.40625, 23.6875, 23.96875, 24.25, 24.53125, 24.8125, 25.09375, 25.375, 25.65625, 25.9375, 26.21875, 26.5, 26.78125, 27.0625, 27.34375, 27.625, 27.90625, 28.1875, 28.46875, 28.75, 29.03125, 29.3125, 29.59375, 29.875, 30.15625, 30.4375, 30.71875, 31.0]}, "action_types_epoch0_task0": {"_type": "histogram", "values": [1611, 0, 0, 0, 0, 0, 0, 0, 0, 0, 0, 0, 0, 0, 0, 0, 0, 0, 0, 0, 0, 23, 0, 0, 0, 0, 0, 0, 0, 0, 0, 0, 0, 0, 0, 0, 0, 0, 0, 0, 0, 0, 20, 0, 0, 0, 0, 0, 0, 0, 0, 0, 0, 0, 0, 0, 0, 0, 0, 0, 0, 0, 0, 351], "bins": [0.0, 0.046875, 0.09375, 0.140625, 0.1875, 0.234375, 0.28125, 0.328125, 0.375, 0.421875, 0.46875, 0.515625, 0.5625, 0.609375, 0.65625, 0.703125, 0.75, 0.796875, 0.84375, 0.890625, 0.9375, 0.984375, 1.03125, 1.078125, 1.125, 1.171875, 1.21875, 1.265625, 1.3125, 1.359375, 1.40625, 1.453125, 1.5, 1.546875, 1.59375, 1.640625, 1.6875, 1.734375, 1.78125, 1.828125, 1.875, 1.921875, 1.96875, 2.015625, 2.0625, 2.109375, 2.15625, 2.203125, 2.25, 2.296875, 2.34375, 2.390625, 2.4375, 2.484375, 2.53125, 2.578125, 2.625, 2.671875, 2.71875, 2.765625, 2.8125, 2.859375, 2.90625, 2.953125, 3.0]}, "sine_curve_epoch_0_task_0": {"_type": "image-file", "sha256": "8f6281e61967e60c6235b474f36a783e817b81e1e5622d31f13b3ded13ab2590", "size": 34228, "path": "media/images/sine_curve_epoch_0_task_0_8000_8f6281e61967e60c6235.png", "format": "png", "width": 640, "height": 480}, "_wandb": {"runtime": 368}}