{"loss_epoch0_task0": 0.025918561965227127, "_timestamp": 1699228260.3339865, "_runtime": 171.31752753257751, "_step": 800, "reward_epoch0_task0": -1, "pool_indices_epoch0_task0": {"_type": "histogram", "values": [1, 0, 0, 0, 0, 0, 1, 0, 0, 0, 0, 0, 0, 0, 0, 0, 0, 0, 0, 0, 0, 0, 0, 0, 0, 0, 0, 0, 0, 0, 0, 0, 0, 0, 0, 0, 0, 0, 0, 0, 0, 0, 0, 1, 0, 0, 0, 0, 0, 0, 0, 0, 0, 0, 0, 0, 0, 0, 0, 0, 0, 1, 0, 1], "bins": [0.0, 0.484375, 0.96875, 1.453125, 1.9375, 2.421875, 2.90625, 3.390625, 3.875, 4.359375, 4.84375, 5.328125, 5.8125, 6.296875, 6.78125, 7.265625, 7.75, 8.234375, 8.71875, 9.203125, 9.6875, 10.171875, 10.65625, 11.140625, 11.625, 12.109375, 12.59375, 13.078125, 13.5625, 14.046875, 14.53125, 15.015625, 15.5, 15.984375, 16.46875, 16.953125, 17.4375, 17.921875, 18.40625, 18.890625, 19.375, 19.859375, 20.34375, 20.828125, 21.3125, 21.796875, 22.28125, 22.765625, 23.25, 23.734375, 24.21875, 24.703125, 25.1875, 25.671875, 26.15625, 26.640625, 27.125, 27.609375, 28.09375, 28.578125, 29.0625, 29.546875, 30.03125, 30.515625, 31.0]}, "action_types_epoch0_task0": {"_type": "histogram", "values": [89, 0, 0, 0, 0, 0, 0, 0, 0, 0, 0, 0, 0, 0, 0, 0, 0, 0, 0, 0, 0, 6, 0, 0, 0, 0, 0, 0, 0, 0, 0, 0, 0, 0, 0, 0, 0, 0, 0, 0, 0, 0, 3, 0, 0, 0, 0, 0, 0, 0, 0, 0, 0, 0, 0, 0, 0, 0, 0, 0, 0, 0, 0, 107], "bins": [0.0, 0.046875, 0.09375, 0.140625, 0.1875, 0.234375, 0.28125, 0.328125, 0.375, 0.421875, 0.46875, 0.515625, 0.5625, 0.609375, 0.65625, 0.703125, 0.75, 0.796875, 0.84375, 0.890625, 0.9375, 0.984375, 1.03125, 1.078125, 1.125, 1.171875, 1.21875, 1.265625, 1.3125, 1.359375, 1.40625, 1.453125, 1.5, 1.546875, 1.59375, 1.640625, 1.6875, 1.734375, 1.78125, 1.828125, 1.875, 1.921875, 1.96875, 2.015625, 2.0625, 2.109375, 2.15625, 2.203125, 2.25, 2.296875, 2.34375, 2.390625, 2.4375, 2.484375, 2.53125, 2.578125, 2.625, 2.671875, 2.71875, 2.765625, 2.8125, 2.859375, 2.90625, 2.953125, 3.0]}, "sine_curve_epoch_0_task_0": {"_type": "image-file", "sha256": "aa81a5b2043f50946a3ce1db38397d5a1442c6bd5fc6c63520fad9aa413dcf5a", "size": 33368, "path": "media/images/sine_curve_epoch_0_task_0_800_aa81a5b2043f50946a3c.png", "format": "png", "width": 640, "height": 480}, "_wandb": {"runtime": 170}}