{"loss_epoch0_task0": 0.03854480758309364, "_timestamp": 1699291428.4915757, "_runtime": 675.1203076839447, "_step": 12008, "reward_epoch0_task0": -1, "pool_indices_epoch0_task0": {"_type": "histogram", "values": [1, 0, 1, 0, 1, 0, 0, 0, 0, 0, 0, 0, 0, 0, 0, 0, 0, 0, 0, 0, 0, 0, 0, 0, 0, 0, 0, 0, 0, 0, 0, 0, 0, 0, 0, 0, 0, 0, 0, 0, 0, 0, 0, 0, 0, 0, 0, 0, 0, 0, 0, 0, 0, 0, 0, 0, 0, 0, 0, 0, 0, 1, 0, 1], "bins": [5.0, 5.40625, 5.8125, 6.21875, 6.625, 7.03125, 7.4375, 7.84375, 8.25, 8.65625, 9.0625, 9.46875, 9.875, 10.28125, 10.6875, 11.09375, 11.5, 11.90625, 12.3125, 12.71875, 13.125, 13.53125, 13.9375, 14.34375, 14.75, 15.15625, 15.5625, 15.96875, 16.375, 16.78125, 17.1875, 17.59375, 18.0, 18.40625, 18.8125, 19.21875, 19.625, 20.03125, 20.4375, 20.84375, 21.25, 21.65625, 22.0625, 22.46875, 22.875, 23.28125, 23.6875, 24.09375, 24.5, 24.90625, 25.3125, 25.71875, 26.125, 26.53125, 26.9375, 27.34375, 27.75, 28.15625, 28.5625, 28.96875, 29.375, 29.78125, 30.1875, 30.59375, 31.0]}, "action_types_epoch0_task0": {"_type": "histogram", "values": [531, 0, 0, 0, 0, 0, 0, 0, 0, 0, 0, 0, 0, 0, 0, 0, 0, 0, 0, 0, 0, 20, 0, 0, 0, 0, 0, 0, 0, 0, 0, 0, 0, 0, 0, 0, 0, 0, 0, 0, 0, 0, 17, 0, 0, 0, 0, 0, 0, 0, 0, 0, 0, 0, 0, 0, 0, 0, 0, 0, 0, 0, 0, 437], "bins": [0.0, 0.046875, 0.09375, 0.140625, 0.1875, 0.234375, 0.28125, 0.328125, 0.375, 0.421875, 0.46875, 0.515625, 0.5625, 0.609375, 0.65625, 0.703125, 0.75, 0.796875, 0.84375, 0.890625, 0.9375, 0.984375, 1.03125, 1.078125, 1.125, 1.171875, 1.21875, 1.265625, 1.3125, 1.359375, 1.40625, 1.453125, 1.5, 1.546875, 1.59375, 1.640625, 1.6875, 1.734375, 1.78125, 1.828125, 1.875, 1.921875, 1.96875, 2.015625, 2.0625, 2.109375, 2.15625, 2.203125, 2.25, 2.296875, 2.34375, 2.390625, 2.4375, 2.484375, 2.53125, 2.578125, 2.625, 2.671875, 2.71875, 2.765625, 2.8125, 2.859375, 2.90625, 2.953125, 3.0]}, "cum_reward/task0": -763.2999267578125, "loss/task0": 0.012730021961033344, "sine_curve_epoch_0_task_0": {"_type": "image-file", "sha256": "a12177bb70b133841aa316916a71192a3f8746a47b58177e0b7b02c4a39a112b", "size": 39018, "path": "media/images/sine_curve_epoch_0_task_0_4002_a12177bb70b133841aa3.png", "format": "png", "width": 640, "height": 480}, "loss_epoch1_task0": 0.0009355223155580461, "reward_epoch1_task0": 0.0009355223155580461, "pool_indices_epoch1_task0": {"_type": "histogram", "values": [1, 0, 0, 0, 0, 0, 0, 0, 0, 0, 0, 0, 0, 0, 0, 0, 0, 0, 0, 0, 0, 0, 0, 0, 0, 0, 0, 0, 0, 0, 0, 0, 0, 0, 0, 0, 0, 0, 0, 0, 0, 0, 0, 0, 0, 0, 0, 0, 0, 0, 0, 0, 0, 0, 0, 0, 0, 0, 0, 1, 0, 1, 0, 1], "bins": [5.0, 5.40625, 5.8125, 6.21875, 6.625, 7.03125, 7.4375, 7.84375, 8.25, 8.65625, 9.0625, 9.46875, 9.875, 10.28125, 10.6875, 11.09375, 11.5, 11.90625, 12.3125, 12.71875, 13.125, 13.53125, 13.9375, 14.34375, 14.75, 15.15625, 15.5625, 15.96875, 16.375, 16.78125, 17.1875, 17.59375, 18.0, 18.40625, 18.8125, 19.21875, 19.625, 20.03125, 20.4375, 20.84375, 21.25, 21.65625, 22.0625, 22.46875, 22.875, 23.28125, 23.6875, 24.09375, 24.5, 24.90625, 25.3125, 25.71875, 26.125, 26.53125, 26.9375, 27.34375, 27.75, 28.15625, 28.5625, 28.96875, 29.375, 29.78125, 30.1875, 30.59375, 31.0]}, "action_types_epoch1_task0": {"_type": "histogram", "values": [719, 0, 0, 0, 0, 0, 0, 0, 0, 0, 0, 0, 0, 0, 0, 0, 0, 0, 0, 0, 0, 13, 0, 0, 0, 0, 0, 0, 0, 0, 0, 0, 0, 0, 0, 0, 0, 0, 0, 0, 0, 0, 11, 0, 0, 0, 0, 0, 0, 0, 0, 0, 0, 0, 0, 0, 0, 0, 0, 0, 0, 0, 0, 262], "bins": [0.0, 0.046875, 0.09375, 0.140625, 0.1875, 0.234375, 0.28125, 0.328125, 0.375, 0.421875, 0.46875, 0.515625, 0.5625, 0.609375, 0.65625, 0.703125, 0.75, 0.796875, 0.84375, 0.890625, 0.9375, 0.984375, 1.03125, 1.078125, 1.125, 1.171875, 1.21875, 1.265625, 1.3125, 1.359375, 1.40625, 1.453125, 1.5, 1.546875, 1.59375, 1.640625, 1.6875, 1.734375, 1.78125, 1.828125, 1.875, 1.921875, 1.96875, 2.015625, 2.0625, 2.109375, 2.15625, 2.203125, 2.25, 2.296875, 2.34375, 2.390625, 2.4375, 2.484375, 2.53125, 2.578125, 2.625, 2.671875, 2.71875, 2.765625, 2.8125, 2.859375, 2.90625, 2.953125, 3.0]}, "sine_curve_epoch_1_task_0": {"_type": "image-file", "sha256": "33152ef7e1d830eeff907b056e573d58b50f01c2c559572612375e9d76e9c46e", "size": 33327, "path": "media/images/sine_curve_epoch_1_task_0_8005_33152ef7e1d830eeff90.png", "format": "png", "width": 640, "height": 480}, "loss_epoch2_task0": 0.012730021961033344, "reward_epoch2_task0": 0.012730021961033344, "pool_indices_epoch2_task0": {"_type": "histogram", "values": [1, 0, 0, 0, 0, 0, 0, 0, 0, 0, 0, 0, 0, 0, 0, 0, 0, 0, 0, 0, 0, 0, 0, 0, 0, 0, 1, 0, 0, 0, 0, 0, 0, 0, 0, 0, 0, 0, 0, 0, 0, 0, 0, 0, 0, 1, 0, 0, 0, 0, 0, 0, 0, 0, 0, 0, 0, 0, 0, 0, 1, 0, 0, 1], "bins": [14.0, 14.265625, 14.53125, 14.796875, 15.0625, 15.328125, 15.59375, 15.859375, 16.125, 16.390625, 16.65625, 16.921875, 17.1875, 17.453125, 17.71875, 17.984375, 18.25, 18.515625, 18.78125, 19.046875, 19.3125, 19.578125, 19.84375, 20.109375, 20.375, 20.640625, 20.90625, 21.171875, 21.4375, 21.703125, 21.96875, 22.234375, 22.5, 22.765625, 23.03125, 23.296875, 23.5625, 23.828125, 24.09375, 24.359375, 24.625, 24.890625, 25.15625, 25.421875, 25.6875, 25.953125, 26.21875, 26.484375, 26.75, 27.015625, 27.28125, 27.546875, 27.8125, 28.078125, 28.34375, 28.609375, 28.875, 29.140625, 29.40625, 29.671875, 29.9375, 30.203125, 30.46875, 30.734375, 31.0]}, "action_types_epoch2_task0": {"_type": "histogram", "values": [199, 0, 0, 0, 0, 0, 0, 0, 0, 0, 0, 0, 0, 0, 0, 0, 0, 0, 0, 0, 0, 22, 0, 0, 0, 0, 0, 0, 0, 0, 0, 0, 0, 0, 0, 0, 0, 0, 0, 0, 0, 0, 19, 0, 0, 0, 0, 0, 0, 0, 0, 0, 0, 0, 0, 0, 0, 0, 0, 0, 0, 0, 0, 765], "bins": [0.0, 0.046875, 0.09375, 0.140625, 0.1875, 0.234375, 0.28125, 0.328125, 0.375, 0.421875, 0.46875, 0.515625, 0.5625, 0.609375, 0.65625, 0.703125, 0.75, 0.796875, 0.84375, 0.890625, 0.9375, 0.984375, 1.03125, 1.078125, 1.125, 1.171875, 1.21875, 1.265625, 1.3125, 1.359375, 1.40625, 1.453125, 1.5, 1.546875, 1.59375, 1.640625, 1.6875, 1.734375, 1.78125, 1.828125, 1.875, 1.921875, 1.96875, 2.015625, 2.0625, 2.109375, 2.15625, 2.203125, 2.25, 2.296875, 2.34375, 2.390625, 2.4375, 2.484375, 2.53125, 2.578125, 2.625, 2.671875, 2.71875, 2.765625, 2.8125, 2.859375, 2.90625, 2.953125, 3.0]}, "sine_curve_epoch_2_task_0": {"_type": "image-file", "sha256": "516636126680d5851a890196ef71ea619f29303c3cef71dbae8224d8ecaa819c", "size": 32599, "path": "media/images/sine_curve_epoch_2_task_0_12008_516636126680d5851a89.png", "format": "png", "width": 640, "height": 480}, "_wandb": {"runtime": 1057}}