{"errors_run1_task0_per_epoch": 852, "_timestamp": 1703486801.884823, "_runtime": 435.57088804244995, "_step": 23, "cumulative_reward_run1_task0_per_epoch": -1, "cumulative_loss_run1_task0_per_epoch": 0.29778456687927246, "pool_indices_run1_task0_per_epoch": {"_type": "histogram", "values": [0, 0, 0, 0, 0, 0, 0, 0, 0, 0, 0, 0, 0, 0, 0, 0, 0, 0, 0, 0, 0, 0, 0, 0, 0, 0, 0, 0, 0, 0, 0, 0, 0, 0, 0, 0, 0, 0, 0, 0, 0, 0, 0, 0, 0, 0, 0, 0, 0, 0, 0, 0, 0, 0, 0, 0, 0, 0, 0, 0, 0, 0, 0, 0], "bins": [0.0, 0.015625, 0.03125, 0.046875, 0.0625, 0.078125, 0.09375, 0.109375, 0.125, 0.140625, 0.15625, 0.171875, 0.1875, 0.203125, 0.21875, 0.234375, 0.25, 0.265625, 0.28125, 0.296875, 0.3125, 0.328125, 0.34375, 0.359375, 0.375, 0.390625, 0.40625, 0.421875, 0.4375, 0.453125, 0.46875, 0.484375, 0.5, 0.515625, 0.53125, 0.546875, 0.5625, 0.578125, 0.59375, 0.609375, 0.625, 0.640625, 0.65625, 0.671875, 0.6875, 0.703125, 0.71875, 0.734375, 0.75, 0.765625, 0.78125, 0.796875, 0.8125, 0.828125, 0.84375, 0.859375, 0.875, 0.890625, 0.90625, 0.921875, 0.9375, 0.953125, 0.96875, 0.984375, 1.0]}, "errors_run1_task1_per_epoch": 793, "cumulative_reward_run1_task1_per_epoch": -1.0769109334796667, "cumulative_loss_run1_task1_per_epoch": 106.3067741394043, "pool_indices_run1_task1_per_epoch": {"_type": "histogram", "values": [1, 0, 0, 0, 0, 0, 0, 0, 0, 0, 0, 0, 0, 0, 0, 0, 0, 0, 0, 0, 0, 0, 0, 0, 0, 0, 0, 0, 0, 0, 0, 0, 0, 0, 0, 0, 0, 0, 0, 0, 0, 0, 0, 0, 0, 0, 0, 0, 0, 0, 0, 0, 0, 0, 0, 0, 0, 0, 0, 0, 0, 0, 0, 1], "bins": [3.0, 3.0625, 3.125, 3.1875, 3.25, 3.3125, 3.375, 3.4375, 3.5, 3.5625, 3.625, 3.6875, 3.75, 3.8125, 3.875, 3.9375, 4.0, 4.0625, 4.125, 4.1875, 4.25, 4.3125, 4.375, 4.4375, 4.5, 4.5625, 4.625, 4.6875, 4.75, 4.8125, 4.875, 4.9375, 5.0, 5.0625, 5.125, 5.1875, 5.25, 5.3125, 5.375, 5.4375, 5.5, 5.5625, 5.625, 5.6875, 5.75, 5.8125, 5.875, 5.9375, 6.0, 6.0625, 6.125, 6.1875, 6.25, 6.3125, 6.375, 6.4375, 6.5, 6.5625, 6.625, 6.6875, 6.75, 6.8125, 6.875, 6.9375, 7.0]}, "_wandb": {"runtime": 435}}