{"loss_epoch0_task0": 0.0019064213847741485, "_timestamp": 1699292769.7010472, "_runtime": 950.0761301517487, "_step": 20014, "reward_epoch0_task0": 0.0019064213847741485, "pool_indices_epoch0_task0": {"_type": "histogram", "values": [1, 0, 0, 0, 0, 0, 0, 0, 0, 0, 0, 0, 0, 0, 0, 0, 0, 0, 0, 0, 0, 0, 0, 0, 0, 0, 0, 0, 0, 0, 0, 0, 0, 0, 0, 0, 0, 0, 0, 0, 0, 0, 1, 0, 0, 0, 0, 0, 0, 1, 0, 0, 0, 0, 0, 0, 1, 0, 0, 0, 0, 0, 0, 1], "bins": [2.0, 2.140625, 2.28125, 2.421875, 2.5625, 2.703125, 2.84375, 2.984375, 3.125, 3.265625, 3.40625, 3.546875, 3.6875, 3.828125, 3.96875, 4.109375, 4.25, 4.390625, 4.53125, 4.671875, 4.8125, 4.953125, 5.09375, 5.234375, 5.375, 5.515625, 5.65625, 5.796875, 5.9375, 6.078125, 6.21875, 6.359375, 6.5, 6.640625, 6.78125, 6.921875, 7.0625, 7.203125, 7.34375, 7.484375, 7.625, 7.765625, 7.90625, 8.046875, 8.1875, 8.328125, 8.46875, 8.609375, 8.75, 8.890625, 9.03125, 9.171875, 9.3125, 9.453125, 9.59375, 9.734375, 9.875, 10.015625, 10.15625, 10.296875, 10.4375, 10.578125, 10.71875, 10.859375, 11.0]}, "action_types_epoch0_task0": {"_type": "histogram", "values": [655, 0, 0, 0, 0, 0, 0, 0, 0, 0, 0, 0, 0, 0, 0, 0, 0, 0, 0, 0, 0, 40, 0, 0, 0, 0, 0, 0, 0, 0, 0, 0, 0, 0, 0, 0, 0, 0, 0, 0, 0, 0, 37, 0, 0, 0, 0, 0, 0, 0, 0, 0, 0, 0, 0, 0, 0, 0, 0, 0, 0, 0, 0, 273], "bins": [0.0, 0.046875, 0.09375, 0.140625, 0.1875, 0.234375, 0.28125, 0.328125, 0.375, 0.421875, 0.46875, 0.515625, 0.5625, 0.609375, 0.65625, 0.703125, 0.75, 0.796875, 0.84375, 0.890625, 0.9375, 0.984375, 1.03125, 1.078125, 1.125, 1.171875, 1.21875, 1.265625, 1.3125, 1.359375, 1.40625, 1.453125, 1.5, 1.546875, 1.59375, 1.640625, 1.6875, 1.734375, 1.78125, 1.828125, 1.875, 1.921875, 1.96875, 2.015625, 2.0625, 2.109375, 2.15625, 2.203125, 2.25, 2.296875, 2.34375, 2.390625, 2.4375, 2.484375, 2.53125, 2.578125, 2.625, 2.671875, 2.71875, 2.765625, 2.8125, 2.859375, 2.90625, 2.953125, 3.0]}, "cum_reward/task0": -246.8675537109375, "loss/task0": 3.727937291841954e-05, "sine_curve_epoch_0_task_0": {"_type": "image-file", "sha256": "d47422f716f25b12e7775779091a5c85a57979ab26df80cc84cc0f085e478b40", "size": 35662, "path": "media/images/sine_curve_epoch_0_task_0_4002_d47422f716f25b12e777.png", "format": "png", "width": 640, "height": 480}, "loss_epoch1_task0": 0.013817747123539448, "reward_epoch1_task0": 0.013817747123539448, "pool_indices_epoch1_task0": {"_type": "histogram", "values": [1, 0, 0, 0, 0, 0, 0, 0, 0, 0, 0, 0, 0, 0, 1, 0, 0, 0, 0, 0, 0, 1, 0, 0, 0, 0, 0, 0, 0, 0, 0, 0, 0, 0, 0, 0, 0, 0, 0, 0, 0, 0, 0, 0, 0, 0, 0, 0, 0, 0, 0, 0, 0, 0, 0, 0, 1, 0, 0, 0, 0, 0, 0, 1], "bins": [2.0, 2.140625, 2.28125, 2.421875, 2.5625, 2.703125, 2.84375, 2.984375, 3.125, 3.265625, 3.40625, 3.546875, 3.6875, 3.828125, 3.96875, 4.109375, 4.25, 4.390625, 4.53125, 4.671875, 4.8125, 4.953125, 5.09375, 5.234375, 5.375, 5.515625, 5.65625, 5.796875, 5.9375, 6.078125, 6.21875, 6.359375, 6.5, 6.640625, 6.78125, 6.921875, 7.0625, 7.203125, 7.34375, 7.484375, 7.625, 7.765625, 7.90625, 8.046875, 8.1875, 8.328125, 8.46875, 8.609375, 8.75, 8.890625, 9.03125, 9.171875, 9.3125, 9.453125, 9.59375, 9.734375, 9.875, 10.015625, 10.15625, 10.296875, 10.4375, 10.578125, 10.71875, 10.859375, 11.0]}, "action_types_epoch1_task0": {"_type": "histogram", "values": [363, 0, 0, 0, 0, 0, 0, 0, 0, 0, 0, 0, 0, 0, 0, 0, 0, 0, 0, 0, 0, 52, 0, 0, 0, 0, 0, 0, 0, 0, 0, 0, 0, 0, 0, 0, 0, 0, 0, 0, 0, 0, 49, 0, 0, 0, 0, 0, 0, 0, 0, 0, 0, 0, 0, 0, 0, 0, 0, 0, 0, 0, 0, 541], "bins": [0.0, 0.046875, 0.09375, 0.140625, 0.1875, 0.234375, 0.28125, 0.328125, 0.375, 0.421875, 0.46875, 0.515625, 0.5625, 0.609375, 0.65625, 0.703125, 0.75, 0.796875, 0.84375, 0.890625, 0.9375, 0.984375, 1.03125, 1.078125, 1.125, 1.171875, 1.21875, 1.265625, 1.3125, 1.359375, 1.40625, 1.453125, 1.5, 1.546875, 1.59375, 1.640625, 1.6875, 1.734375, 1.78125, 1.828125, 1.875, 1.921875, 1.96875, 2.015625, 2.0625, 2.109375, 2.15625, 2.203125, 2.25, 2.296875, 2.34375, 2.390625, 2.4375, 2.484375, 2.53125, 2.578125, 2.625, 2.671875, 2.71875, 2.765625, 2.8125, 2.859375, 2.90625, 2.953125, 3.0]}, "sine_curve_epoch_1_task_0": {"_type": "image-file", "sha256": "1c98d82728f0c04418976a103d891774493e1793a283138f26d413f8e78c178e", "size": 32732, "path": "media/images/sine_curve_epoch_1_task_0_8005_1c98d82728f0c0441897.png", "format": "png", "width": 640, "height": 480}, "loss_epoch2_task0": 0.0053922757506370544, "reward_epoch2_task0": 0.0053922757506370544, "pool_indices_epoch2_task0": {"_type": "histogram", "values": [1, 0, 0, 0, 0, 0, 0, 0, 0, 0, 0, 0, 1, 0, 0, 0, 0, 0, 0, 0, 0, 0, 0, 0, 0, 0, 0, 0, 0, 0, 0, 0, 0, 0, 0, 0, 0, 0, 0, 0, 0, 0, 0, 0, 0, 0, 0, 0, 0, 0, 0, 1, 0, 0, 0, 0, 0, 0, 0, 0, 0, 0, 0, 1], "bins": [6.0, 6.078125, 6.15625, 6.234375, 6.3125, 6.390625, 6.46875, 6.546875, 6.625, 6.703125, 6.78125, 6.859375, 6.9375, 7.015625, 7.09375, 7.171875, 7.25, 7.328125, 7.40625, 7.484375, 7.5625, 7.640625, 7.71875, 7.796875, 7.875, 7.953125, 8.03125, 8.109375, 8.1875, 8.265625, 8.34375, 8.421875, 8.5, 8.578125, 8.65625, 8.734375, 8.8125, 8.890625, 8.96875, 9.046875, 9.125, 9.203125, 9.28125, 9.359375, 9.4375, 9.515625, 9.59375, 9.671875, 9.75, 9.828125, 9.90625, 9.984375, 10.0625, 10.140625, 10.21875, 10.296875, 10.375, 10.453125, 10.53125, 10.609375, 10.6875, 10.765625, 10.84375, 10.921875, 11.0]}, "action_types_epoch2_task0": {"_type": "histogram", "values": [444, 0, 0, 0, 0, 0, 0, 0, 0, 0, 0, 0, 0, 0, 0, 0, 0, 0, 0, 0, 0, 58, 0, 0, 0, 0, 0, 0, 0, 0, 0, 0, 0, 0, 0, 0, 0, 0, 0, 0, 0, 0, 56, 0, 0, 0, 0, 0, 0, 0, 0, 0, 0, 0, 0, 0, 0, 0, 0, 0, 0, 0, 0, 447], "bins": [0.0, 0.046875, 0.09375, 0.140625, 0.1875, 0.234375, 0.28125, 0.328125, 0.375, 0.421875, 0.46875, 0.515625, 0.5625, 0.609375, 0.65625, 0.703125, 0.75, 0.796875, 0.84375, 0.890625, 0.9375, 0.984375, 1.03125, 1.078125, 1.125, 1.171875, 1.21875, 1.265625, 1.3125, 1.359375, 1.40625, 1.453125, 1.5, 1.546875, 1.59375, 1.640625, 1.6875, 1.734375, 1.78125, 1.828125, 1.875, 1.921875, 1.96875, 2.015625, 2.0625, 2.109375, 2.15625, 2.203125, 2.25, 2.296875, 2.34375, 2.390625, 2.4375, 2.484375, 2.53125, 2.578125, 2.625, 2.671875, 2.71875, 2.765625, 2.8125, 2.859375, 2.90625, 2.953125, 3.0]}, "sine_curve_epoch_2_task_0": {"_type": "image-file", "sha256": "c73d7b0161288ef22c8df84a2ad56ecabd9f7cd4deef9294fe79cccc803dfa96", "size": 34642, "path": "media/images/sine_curve_epoch_2_task_0_12008_c73d7b0161288ef22c8d.png", "format": "png", "width": 640, "height": 480}, "loss_epoch3_task0": 0.024498354643583298, "reward_epoch3_task0": 0.024498354643583298, "pool_indices_epoch3_task0": {"_type": "histogram", "values": [1, 0, 0, 0, 0, 0, 0, 0, 0, 0, 0, 0, 0, 0, 0, 0, 0, 0, 0, 0, 0, 0, 0, 0, 0, 0, 0, 0, 0, 1, 0, 0, 0, 0, 0, 0, 0, 0, 0, 0, 1, 0, 0, 0, 0, 0, 0, 0, 0, 0, 0, 0, 0, 0, 0, 0, 0, 0, 1, 0, 0, 0, 0, 1], "bins": [0.0, 0.171875, 0.34375, 0.515625, 0.6875, 0.859375, 1.03125, 1.203125, 1.375, 1.546875, 1.71875, 1.890625, 2.0625, 2.234375, 2.40625, 2.578125, 2.75, 2.921875, 3.09375, 3.265625, 3.4375, 3.609375, 3.78125, 3.953125, 4.125, 4.296875, 4.46875, 4.640625, 4.8125, 4.984375, 5.15625, 5.328125, 5.5, 5.671875, 5.84375, 6.015625, 6.1875, 6.359375, 6.53125, 6.703125, 6.875, 7.046875, 7.21875, 7.390625, 7.5625, 7.734375, 7.90625, 8.078125, 8.25, 8.421875, 8.59375, 8.765625, 8.9375, 9.109375, 9.28125, 9.453125, 9.625, 9.796875, 9.96875, 10.140625, 10.3125, 10.484375, 10.65625, 10.828125, 11.0]}, "action_types_epoch3_task0": {"_type": "histogram", "values": [523, 0, 0, 0, 0, 0, 0, 0, 0, 0, 0, 0, 0, 0, 0, 0, 0, 0, 0, 0, 0, 63, 0, 0, 0, 0, 0, 0, 0, 0, 0, 0, 0, 0, 0, 0, 0, 0, 0, 0, 0, 0, 60, 0, 0, 0, 0, 0, 0, 0, 0, 0, 0, 0, 0, 0, 0, 0, 0, 0, 0, 0, 0, 359],