{"loss_task3_per_step": 1.578856110572815, "_timestamp": 1703218357.4215322, "_runtime": 12679.758280038834, "_step": 540911, "reward_task3_per_step": -0.00136560236569494, "action_types_task3_per_step": {"_type": "histogram", "values": [0, 0, 0, 0, 0, 0, 0, 0, 0, 0, 0, 0, 0, 0, 0, 0, 0, 0, 0, 0, 0, 0, 0, 0, 0, 0, 0, 0, 0, 0, 0, 0, 0, 0, 0, 0, 0, 0, 0, 0, 0, 0, 0, 0, 0, 0, 0, 0, 0, 0, 0, 0, 0, 0, 0, 0, 0, 0, 0, 0, 0, 0, 0, 0], "bins": [0.0, 0.015625, 0.03125, 0.046875, 0.0625, 0.078125, 0.09375, 0.109375, 0.125, 0.140625, 0.15625, 0.171875, 0.1875, 0.203125, 0.21875, 0.234375, 0.25, 0.265625, 0.28125, 0.296875, 0.3125, 0.328125, 0.34375, 0.359375, 0.375, 0.390625, 0.40625, 0.421875, 0.4375, 0.453125, 0.46875, 0.484375, 0.5, 0.515625, 0.53125, 0.546875, 0.5625, 0.578125, 0.59375, 0.609375, 0.625, 0.640625, 0.65625, 0.671875, 0.6875, 0.703125, 0.71875, 0.734375, 0.75, 0.765625, 0.78125, 0.796875, 0.8125, 0.828125, 0.84375, 0.859375, 0.875, 0.890625, 0.90625, 0.921875, 0.9375, 0.953125, 0.96875, 0.984375, 1.0]}, "pool_indices_task3_per_step": {"_type": "histogram", "values": [1, 0, 0, 0, 0, 0, 0, 0, 0, 0, 0, 0, 0, 0, 0, 0, 0, 0, 0, 0, 0, 0, 0, 0, 0, 0, 0, 0, 1, 0, 0, 0, 0, 0, 0, 0, 0, 0, 0, 0, 0, 0, 0, 0, 0, 0, 0, 0, 0, 0, 0, 0, 0, 0, 0, 0, 0, 0, 0, 0, 0, 0, 0, 1], "bins": [9.0, 9.140625, 9.28125, 9.421875, 9.5625, 9.703125, 9.84375, 9.984375, 10.125, 10.265625, 10.40625, 10.546875, 10.6875, 10.828125, 10.96875, 11.109375, 11.25, 11.390625, 11.53125, 11.671875, 11.8125, 11.953125, 12.09375, 12.234375, 12.375, 12.515625, 12.65625, 12.796875, 12.9375, 13.078125, 13.21875, 13.359375, 13.5, 13.640625, 13.78125, 13.921875, 14.0625, 14.203125, 14.34375, 14.484375, 14.625, 14.765625, 14.90625, 15.046875, 15.1875, 15.328125, 15.46875, 15.609375, 15.75, 15.890625, 16.03125, 16.171875, 16.3125, 16.453125, 16.59375, 16.734375, 16.875, 17.015625, 17.15625, 17.296875, 17.4375, 17.578125, 17.71875, 17.859375, 18.0]}, "loss_task0_per_step": 27.47984504699707, "reward_task0_per_step": -0.017693160101771355, "action_types_task0_per_step": {"_type": "histogram", "values": [0, 0, 0, 0, 0, 0, 0, 0, 0, 0, 0, 0, 0, 0, 0, 0, 0, 0, 0, 0, 0, 0, 0, 0, 0, 0, 0, 0, 0, 0, 0, 0, 0, 0, 0, 0, 0, 0, 0, 0, 0, 0, 0, 0, 0, 0, 0, 0, 0, 0, 0, 0, 0, 0, 0, 0, 0, 0, 0, 0, 0, 0, 0, 0], "bins": [0.0, 0.015625, 0.03125, 0.046875, 0.0625, 0.078125, 0.09375, 0.109375, 0.125, 0.140625, 0.15625, 0.171875, 0.1875, 0.203125, 0.21875, 0.234375, 0.25, 0.265625, 0.28125, 0.296875, 0.3125, 0.328125, 0.34375, 0.359375, 0.375, 0.390625, 0.40625, 0.421875, 0.4375, 0.453125, 0.46875, 0.484375, 0.5, 0.515625, 0.53125, 0.546875, 0.5625, 0.578125, 0.59375, 0.609375, 0.625, 0.640625, 0.65625, 0.671875, 0.6875, 0.703125, 0.71875, 0.734375, 0.75, 0.765625, 0.78125, 0.796875, 0.8125, 0.828125, 0.84375, 0.859375, 0.875, 0.890625, 0.90625, 0.921875, 0.9375, 0.953125, 0.96875, 0.984375, 1.0]}, "pool_indices_task0_per_step": {"_type": "histogram", "values": [0, 0, 0, 0, 0, 0, 0, 0, 0, 0, 0, 0, 0, 0, 0, 0, 0, 0, 0, 0, 0, 0, 0, 0, 0, 0, 0, 0, 0, 0, 0, 0, 1, 0, 0, 0, 0, 0, 0, 0, 0, 0, 0, 0, 0, 0, 0, 0, 0, 0, 0, 0, 0, 0, 0, 0, 0, 0, 0, 0, 0, 0, 0, 0], "bins": [8.5, 8.515625, 8.53125, 8.546875, 8.5625, 8.578125, 8.59375, 8.609375, 8.625, 8.640625, 8.65625, 8.671875, 8.6875, 8.703125, 8.71875, 8.734375, 8.75, 8.765625, 8.78125, 8.796875, 8.8125, 8.828125, 8.84375, 8.859375, 8.875, 8.890625, 8.90625, 8.921875, 8.9375, 8.953125, 8.96875, 8.984375, 9.0, 9.015625, 9.03125, 9.046875, 9.0625, 9.078125, 9.09375, 9.109375, 9.125, 9.140625, 9.15625, 9.171875, 9.1875, 9.203125, 9.21875, 9.234375, 9.25, 9.265625, 9.28125, 9.296875, 9.3125, 9.328125, 9.34375, 9.359375, 9.375, 9.390625, 9.40625, 9.421875, 9.4375, 9.453125, 9.46875, 9.484375, 9.5]}, "loss_task2_per_step": 0.12315648794174194, "reward_task2_per_step": -0.00014353929145727307, "action_types_task2_per_step": {"_type": "histogram", "values": [0, 0, 0, 0, 0, 0, 0, 0, 0, 0, 0, 0, 0, 0, 0, 0, 0, 0, 0, 0, 0, 0, 0, 0, 0, 0, 0, 0, 0, 0, 0, 0, 0, 0, 0, 0, 0, 0, 0, 0, 0, 0, 0, 0, 0, 0, 0, 0, 0, 0, 0, 0, 0, 0, 0, 0, 0, 0, 0, 0, 0, 0, 0, 0], "bins": [0.0, 0.015625, 0.03125, 0.046875, 0.0625, 0.078125, 0.09375, 0.109375, 0.125, 0.140625, 0.15625, 0.171875, 0.1875, 0.203125, 0.21875, 0.234375, 0.25, 0.265625, 0.28125, 0.296875, 0.3125, 0.328125, 0.34375, 0.359375, 0.375, 0.390625, 0.40625, 0.421875, 0.4375, 0.453125, 0.46875, 0.484375, 0.5, 0.515625, 0.53125, 0.546875, 0.5625, 0.578125, 0.59375, 0.609375, 0.625, 0.640625, 0.65625, 0.671875, 0.6875, 0.703125, 0.71875, 0.734375, 0.75, 0.765625, 0.78125, 0.796875, 0.8125, 0.828125, 0.84375, 0.859375, 0.875, 0.890625, 0.90625, 0.921875, 0.9375, 0.953125, 0.96875, 0.984375, 1.0]}, "pool_indices_task2_per_step": {"_type": "histogram", "values": [1, 0, 0, 0, 0, 0, 0, 0, 0, 0, 0, 0, 0, 0, 0, 0, 0, 0, 0, 0, 0, 0, 0, 0, 0, 0, 0, 0, 0, 0, 0, 0, 0, 0, 0, 0, 0, 0, 0, 0, 0, 0, 0, 0, 0, 0, 0, 0, 0, 0, 0, 0, 0, 0, 1, 0, 0, 0, 0, 0, 0, 0, 0, 1], "bins": [8.0, 8.109375, 8.21875, 8.328125, 8.4375, 8.546875, 8.65625, 8.765625, 8.875, 8.984375, 9.09375, 9.203125, 9.3125, 9.421875, 9.53125, 9.640625, 9.75, 9.859375, 9.96875, 10.078125, 10.1875, 10.296875, 10.40625, 10.515625, 10.625, 10.734375, 10.84375, 10.953125, 11.0625, 11.171875, 11.28125, 11.390625, 11.5, 11.609375, 11.71875, 11.828125, 11.9375, 12.046875, 12.15625, 12.265625, 12.375, 12.484375, 12.59375, 12.703125, 12.8125, 12.921875, 13.03125, 13.140625, 13.25, 13.359375, 13.46875, 13.578125, 13.6875, 13.796875, 13.90625, 14.015625, 14.125, 14.234375, 14.34375, 14.453125, 14.5625, 14.671875, 14.78125, 14.890625, 15.0]}, "loss_task4_per_step": 7.229952335357666, "reward_task4_per_step": -0.004480321891605854, "action_types_task4_per_step": {"_type": "histogram", "values": [0, 0, 0, 0, 0, 0, 0, 0, 0, 0, 0, 0, 0, 0, 0, 0, 0, 0, 0, 0, 0, 0, 0, 0, 0, 0, 0, 0, 0, 0, 0, 0, 0, 0, 0, 0, 0, 0, 0, 0, 0, 0, 0, 0, 0, 0, 0, 0, 0, 0, 0, 0, 0, 0, 0, 0, 0, 0, 0, 0, 0, 0, 0, 0], "bins": [0.0, 0.015625, 0.03125, 0.046875, 0.0625, 0.078125, 0.09375, 0.109375, 0.125, 0.140625, 0.15625, 0.171875, 0.1875, 0.203125, 0.21875, 0.234375, 0.25, 0.265625, 0.28125, 0.296875, 0.3125, 0.328125, 0.34375, 0.359375, 0.375, 0.390625, 0.40625, 0.421875, 0.4375, 0.453125, 0.46875, 0.484375, 0.5, 0.515625, 0.53125, 0.546875, 0.5625, 0.578125, 0.59375, 0.609375, 0.625, 0.640625, 0.65625, 0.671875, 0.6875, 0.703125, 0.71875, 0.734375, 0.75, 0.765625, 0.78125, 0.796875, 0.8125, 0.828125, 0.84375, 0.859375, 0.875, 0.890625, 0.90625, 0.921875, 0.9375, 0.953125, 0.96875, 0.984375, 1.0]}, "pool_indices_task4_per_step": {"_type": "histogram", "values": [1, 0, 0, 0, 0, 0, 0, 0, 0, 0, 0, 0, 0, 0, 0, 0, 0, 0, 0, 0, 0, 0, 0, 0, 0, 0, 0, 0, 0, 0, 0, 0, 0, 0, 0, 0, 0, 0, 0, 0, 0, 0, 0, 0, 0, 0, 0, 0, 0, 0, 0, 0, 0, 0, 0, 0, 0, 0, 0, 0, 0, 0, 0, 1], "bins": [14.0, 14.046875, 14.09375, 14.140625, 14.1875, 14.234375, 14.28125, 14.328125, 14.375, 14.421875, 14.46875, 14.515625, 14.5625, 14.609375, 14.65625, 14.703125, 14.75, 14.796875, 14.84375, 14.890625, 14.9375, 14.984375, 15.03125, 15.078125, 15.125, 15.171875, 15.21875, 15.265625, 15.3125, 15.359375, 15.40625, 15.453125, 15.5, 15.546875, 15.59375, 15.640625, 15.6875, 15.734375, 15.78125, 15.828125, 15.875, 15.921875, 15.96875, 16.015625, 16.0625, 16.109375, 16.15625, 16.203125, 16.25, 16.296875, 16.34375, 16.390625, 16.4375, 16.484375, 16.53125, 16.578125, 16.625, 16.671875, 16.71875, 16.765625, 16.8125, 16.859375, 16.90625, 16.953125, 17.0]}, "loss_task6_per_step": 14.560476303100586, "reward_task6_per_step": -1, "action_types_task6_per_step": {"_type": "histogram", "values": [0, 0, 0, 0, 0, 0, 0, 0, 0, 0, 0, 0, 0, 0, 0, 0, 0, 0, 0, 0, 0, 0, 0, 0, 0, 0, 0, 0, 0, 0, 0, 0, 0, 0, 0, 0, 0, 0, 0, 0, 0, 0, 0, 0, 0, 0, 0, 0, 0, 0, 0, 0, 0, 0, 0, 0, 0, 0, 0, 0, 0, 0, 0, 0],