{"loss_task0_per_step": 0.00234716827981174, "_timestamp": 1699314166.546255, "_runtime": 3070.619868993759, "_step": 436387, "reward_task0_per_step": 0.00234716827981174, "pool_indices_task0_per_step": {"_type": "histogram", "values": [1, 0, 0, 0, 0, 0, 0, 0, 0, 0, 0, 1, 0, 0, 0, 0, 0, 0, 0, 0, 0, 0, 0, 0, 0, 0, 0, 0, 0, 1, 0, 0, 0, 0, 0, 0, 0, 0, 0, 0, 0, 0, 0, 0, 0, 0, 0, 0, 0, 0, 0, 0, 0, 0, 0, 0, 0, 0, 1, 0, 0, 0, 0, 1], "bins": [0.0, 0.171875, 0.34375, 0.515625, 0.6875, 0.859375, 1.03125, 1.203125, 1.375, 1.546875, 1.71875, 1.890625, 2.0625, 2.234375, 2.40625, 2.578125, 2.75, 2.921875, 3.09375, 3.265625, 3.4375, 3.609375, 3.78125, 3.953125, 4.125, 4.296875, 4.46875, 4.640625, 4.8125, 4.984375, 5.15625, 5.328125, 5.5, 5.671875, 5.84375, 6.015625, 6.1875, 6.359375, 6.53125, 6.703125, 6.875, 7.046875, 7.21875, 7.390625, 7.5625, 7.734375, 7.90625, 8.078125, 8.25, 8.421875, 8.59375, 8.765625, 8.9375, 9.109375, 9.28125, 9.453125, 9.625, 9.796875, 9.96875, 10.140625, 10.3125, 10.484375, 10.65625, 10.828125, 11.0]}, "action_types_task0_per_step": {"_type": "histogram", "values": [43815, 0, 0, 0, 0, 0, 0, 0, 0, 0, 0, 0, 0, 0, 0, 0, 0, 0, 0, 0, 0, 2932, 0, 0, 0, 0, 0, 0, 0, 0, 0, 0, 0, 0, 0, 0, 0, 0, 0, 0, 0, 0, 2929, 0, 0, 0, 0, 0, 0, 0, 0, 0, 0, 0, 0, 0, 0, 0, 0, 0, 0, 0, 0, 11769], "bins": [0.0, 0.046875, 0.09375, 0.140625, 0.1875, 0.234375, 0.28125, 0.328125, 0.375, 0.421875, 0.46875, 0.515625, 0.5625, 0.609375, 0.65625, 0.703125, 0.75, 0.796875, 0.84375, 0.890625, 0.9375, 0.984375, 1.03125, 1.078125, 1.125, 1.171875, 1.21875, 1.265625, 1.3125, 1.359375, 1.40625, 1.453125, 1.5, 1.546875, 1.59375, 1.640625, 1.6875, 1.734375, 1.78125, 1.828125, 1.875, 1.921875, 1.96875, 2.015625, 2.0625, 2.109375, 2.15625, 2.203125, 2.25, 2.296875, 2.34375, 2.390625, 2.4375, 2.484375, 2.53125, 2.578125, 2.625, 2.671875, 2.71875, 2.765625, 2.8125, 2.859375, 2.90625, 2.953125, 3.0]}, "num_layers_task0_per_step": 5, "cum_loss_task0_per_step": 395.0393981933594, "cum_reward_task0_per_step": -11450.73046875, "sine_curve_epoch_0_task_0": {"_type": "image-file", "sha256": "4202ac96f0f5ae5602ebe6b1bab72f8e12cfbe57947523e97a4cafed13043591", "size": 32096, "path": "media/images/sine_curve_epoch_0_task_0_436386_4202ac96f0f5ae5602eb.png", "format": "png", "width": 640, "height": 480}}