{"loss_task1_per_step": 10.176448822021484, "_timestamp": 1702797742.5291255, "_runtime": 10.007507562637329, "_step": 1060, "reward_task1_per_step": -0.059308793395757675, "action_types_task1_per_step": {"_type": "histogram", "values": [0, 0, 0, 0, 0, 0, 0, 0, 0, 0, 0, 0, 0, 0, 0, 0, 0, 0, 0, 0, 0, 0, 0, 0, 0, 0, 0, 0, 0, 0, 0, 0, 0, 0, 0, 0, 0, 0, 0, 0, 0, 0, 0, 0, 0, 0, 0, 0, 0, 0, 0, 0, 0, 0, 0, 0, 0, 0, 0, 0, 0, 0, 0, 0], "bins": [0.0, 0.015625, 0.03125, 0.046875, 0.0625, 0.078125, 0.09375, 0.109375, 0.125, 0.140625, 0.15625, 0.171875, 0.1875, 0.203125, 0.21875, 0.234375, 0.25, 0.265625, 0.28125, 0.296875, 0.3125, 0.328125, 0.34375, 0.359375, 0.375, 0.390625, 0.40625, 0.421875, 0.4375, 0.453125, 0.46875, 0.484375, 0.5, 0.515625, 0.53125, 0.546875, 0.5625, 0.578125, 0.59375, 0.609375, 0.625, 0.640625, 0.65625, 0.671875, 0.6875, 0.703125, 0.71875, 0.734375, 0.75, 0.765625, 0.78125, 0.796875, 0.8125, 0.828125, 0.84375, 0.859375, 0.875, 0.890625, 0.90625, 0.921875, 0.9375, 0.953125, 0.96875, 0.984375, 1.0]}, "pool_indices_task1_per_step": {"_type": "histogram", "values": [1, 0, 0, 0, 0, 0, 0, 0, 0, 0, 0, 0, 0, 0, 0, 0, 0, 0, 0, 0, 0, 0, 0, 0, 0, 0, 0, 0, 0, 0, 0, 0, 1, 0, 0, 0, 0, 0, 0, 0, 0, 0, 0, 0, 0, 0, 0, 0, 0, 0, 0, 0, 0, 0, 0, 0, 0, 0, 0, 0, 0, 0, 0, 1], "bins": [1.0, 1.0625, 1.125, 1.1875, 1.25, 1.3125, 1.375, 1.4375, 1.5, 1.5625, 1.625, 1.6875, 1.75, 1.8125, 1.875, 1.9375, 2.0, 2.0625, 2.125, 2.1875, 2.25, 2.3125, 2.375, 2.4375, 2.5, 2.5625, 2.625, 2.6875, 2.75, 2.8125, 2.875, 2.9375, 3.0, 3.0625, 3.125, 3.1875, 3.25, 3.3125, 3.375, 3.4375, 3.5, 3.5625, 3.625, 3.6875, 3.75, 3.8125, 3.875, 3.9375, 4.0, 4.0625, 4.125, 4.1875, 4.25, 4.3125, 4.375, 4.4375, 4.5, 4.5625, 4.625, 4.6875, 4.75, 4.8125, 4.875, 4.9375, 5.0]}, "errors_run1_task0_per_epoch": 74, "cumulative_reward_run1_task0_per_epoch": -6.152939043939114, "cumulative_loss_run1_task0_per_epoch": 113.10330486297607, "pool_indices_run1_task0_per_epoch": {"_type": "histogram", "values": [1, 0, 0, 0, 0, 0, 0, 0, 0, 0, 0, 0, 0, 0, 0, 0, 0, 0, 0, 0, 0, 0, 0, 0, 0, 0, 0, 0, 0, 0, 0, 0, 0, 0, 0, 0, 0, 0, 0, 0, 0, 0, 0, 0, 0, 0, 0, 0, 0, 0, 0, 0, 0, 0, 0, 0, 0, 0, 0, 0, 0, 0, 0, 1], "bins": [2.0, 2.03125, 2.0625, 2.09375, 2.125, 2.15625, 2.1875, 2.21875, 2.25, 2.28125, 2.3125, 2.34375, 2.375, 2.40625, 2.4375, 2.46875, 2.5, 2.53125, 2.5625, 2.59375, 2.625, 2.65625, 2.6875, 2.71875, 2.75, 2.78125, 2.8125, 2.84375, 2.875, 2.90625, 2.9375, 2.96875, 3.0, 3.03125, 3.0625, 3.09375, 3.125, 3.15625, 3.1875, 3.21875, 3.25, 3.28125, 3.3125, 3.34375, 3.375, 3.40625, 3.4375, 3.46875, 3.5, 3.53125, 3.5625, 3.59375, 3.625, 3.65625, 3.6875, 3.71875, 3.75, 3.78125, 3.8125, 3.84375, 3.875, 3.90625, 3.9375, 3.96875, 4.0]}, "sine_curve_epoch_0_task_1": {"_type": "image-file", "sha256": "19b854966678c452e2db259ec0a8999e4a9406281ffedb7f1efd3082c75216a2", "size": 31456, "path": "media/images/sine_curve_epoch_0_task_1_1060_19b854966678c452e2db.png", "format": "png", "width": 500, "height": 390}, "_wandb": {"runtime": 9}}