{"loss_task0_per_step": 0.043533723801374435, "_timestamp": 1703052159.007821, "_runtime": 255.21675515174866, "_step": 24958, "reward_task0_per_step": -0.0016003204509615898, "action_types_task0_per_step": {"_type": "histogram", "values": [0, 0, 0, 0, 0, 0, 0, 0, 0, 0, 0, 0, 0, 0, 0, 0, 0, 0, 0, 0, 0, 0, 0, 0, 0, 0, 0, 0, 0, 0, 0, 0, 0, 0, 0, 0, 0, 0, 0, 0, 0, 0, 0, 0, 0, 0, 0, 0, 0, 0, 0, 0, 0, 0, 0, 0, 0, 0, 0, 0, 0, 0, 0, 0], "bins": [0.0, 0.015625, 0.03125, 0.046875, 0.0625, 0.078125, 0.09375, 0.109375, 0.125, 0.140625, 0.15625, 0.171875, 0.1875, 0.203125, 0.21875, 0.234375, 0.25, 0.265625, 0.28125, 0.296875, 0.3125, 0.328125, 0.34375, 0.359375, 0.375, 0.390625, 0.40625, 0.421875, 0.4375, 0.453125, 0.46875, 0.484375, 0.5, 0.515625, 0.53125, 0.546875, 0.5625, 0.578125, 0.59375, 0.609375, 0.625, 0.640625, 0.65625, 0.671875, 0.6875, 0.703125, 0.71875, 0.734375, 0.75, 0.765625, 0.78125, 0.796875, 0.8125, 0.828125, 0.84375, 0.859375, 0.875, 0.890625, 0.90625, 0.921875, 0.9375, 0.953125, 0.96875, 0.984375, 1.0]}, "pool_indices_task0_per_step": {"_type": "histogram", "values": [1, 0, 0, 0, 0, 0, 0, 0, 0, 0, 0, 0, 0, 0, 0, 0, 0, 0, 0, 0, 0, 0, 0, 0, 0, 0, 0, 0, 0, 0, 0, 0, 0, 0, 0, 0, 0, 0, 0, 0, 0, 0, 1, 0, 0, 0, 0, 0, 0, 0, 0, 0, 0, 0, 0, 0, 0, 0, 0, 0, 0, 0, 0, 1], "bins": [2.0, 2.046875, 2.09375, 2.140625, 2.1875, 2.234375, 2.28125, 2.328125, 2.375, 2.421875, 2.46875, 2.515625, 2.5625, 2.609375, 2.65625, 2.703125, 2.75, 2.796875, 2.84375, 2.890625, 2.9375, 2.984375, 3.03125, 3.078125, 3.125, 3.171875, 3.21875, 3.265625, 3.3125, 3.359375, 3.40625, 3.453125, 3.5, 3.546875, 3.59375, 3.640625, 3.6875, 3.734375, 3.78125, 3.828125, 3.875, 3.921875, 3.96875, 4.015625, 4.0625, 4.109375, 4.15625, 4.203125, 4.25, 4.296875, 4.34375, 4.390625, 4.4375, 4.484375, 4.53125, 4.578125, 4.625, 4.671875, 4.71875, 4.765625, 4.8125, 4.859375, 4.90625, 4.953125, 5.0]}, "loss_task2_per_step": 2.28558087348938, "reward_task2_per_step": -0.02750105783343315, "action_types_task2_per_step": {"_type": "histogram", "values": [0, 0, 0, 0, 0, 0, 0, 0, 0, 0, 0, 0, 0, 0, 0, 0, 0, 0, 0, 0, 0, 0, 0, 0, 0, 0, 0, 0, 0, 0, 0, 0, 0, 0, 0, 0, 0, 0, 0, 0, 0, 0, 0, 0, 0, 0, 0, 0, 0, 0, 0, 0, 0, 0, 0, 0, 0, 0, 0, 0, 0, 0, 0, 0], "bins": [0.0, 0.015625, 0.03125, 0.046875, 0.0625, 0.078125, 0.09375, 0.109375, 0.125, 0.140625, 0.15625, 0.171875, 0.1875, 0.203125, 0.21875, 0.234375, 0.25, 0.265625, 0.28125, 0.296875, 0.3125, 0.328125, 0.34375, 0.359375, 0.375, 0.390625, 0.40625, 0.421875, 0.4375, 0.453125, 0.46875, 0.484375, 0.5, 0.515625, 0.53125, 0.546875, 0.5625, 0.578125, 0.59375, 0.609375, 0.625, 0.640625, 0.65625, 0.671875, 0.6875, 0.703125, 0.71875, 0.734375, 0.75, 0.765625, 0.78125, 0.796875, 0.8125, 0.828125, 0.84375, 0.859375, 0.875, 0.890625, 0.90625, 0.921875, 0.9375, 0.953125, 0.96875, 0.984375, 1.0]}, "pool_indices_task2_per_step": {"_type": "histogram", "values": [1, 0, 0, 0, 0, 0, 0, 0, 0, 0, 0, 0, 0, 0, 0, 0, 0, 0, 0, 0, 0, 1, 0, 0, 0, 0, 0, 0, 0, 0, 0, 0, 0, 0, 0, 0, 0, 0, 0, 0, 0, 0, 0, 0, 0, 0, 0, 0, 0, 0, 0, 0, 0, 0, 0, 0, 0, 0, 0, 0, 0, 0, 0, 1], "bins": [1.0, 1.046875, 1.09375, 1.140625, 1.1875, 1.234375, 1.28125, 1.328125, 1.375, 1.421875, 1.46875, 1.515625, 1.5625, 1.609375, 1.65625, 1.703125, 1.75, 1.796875, 1.84375, 1.890625, 1.9375, 1.984375, 2.03125, 2.078125, 2.125, 2.171875, 2.21875, 2.265625, 2.3125, 2.359375, 2.40625, 2.453125, 2.5, 2.546875, 2.59375, 2.640625, 2.6875, 2.734375, 2.78125, 2.828125, 2.875, 2.921875, 2.96875, 3.015625, 3.0625, 3.109375, 3.15625, 3.203125, 3.25, 3.296875, 3.34375, 3.390625, 3.4375, 3.484375, 3.53125, 3.578125, 3.625, 3.671875, 3.71875, 3.765625, 3.8125, 3.859375, 3.90625, 3.953125, 4.0]}, "errors_run1_task0_per_epoch": 232, "cumulative_reward_run1_task0_per_epoch": -1.9535135542973876, "cumulative_loss_run1_task0_per_epoch": 1.4978574141860008, "pool_indices_run1_task0_per_epoch": {"_type": "histogram", "values": [1, 0, 0, 0, 0, 0, 0, 0, 0, 0, 0, 0, 0, 0, 0, 0, 0, 0, 0, 0, 0, 0, 0, 0, 0, 0, 0, 0, 0, 0, 0, 0, 0, 0, 0, 0, 0, 0, 0, 0, 0, 0, 0, 0, 0, 0, 0, 0, 0, 0, 0, 0, 0, 0, 0, 0, 0, 0, 0, 0, 0, 0, 0, 1], "bins": [1.0, 1.0625, 1.125, 1.1875, 1.25, 1.3125, 1.375, 1.4375, 1.5, 1.5625, 1.625, 1.6875, 1.75, 1.8125, 1.875, 1.9375, 2.0, 2.0625, 2.125, 2.1875, 2.25, 2.3125, 2.375, 2.4375, 2.5, 2.5625, 2.625, 2.6875, 2.75, 2.8125, 2.875, 2.9375, 3.0, 3.0625, 3.125, 3.1875, 3.25, 3.3125, 3.375, 3.4375, 3.5, 3.5625, 3.625, 3.6875, 3.75, 3.8125, 3.875, 3.9375, 4.0, 4.0625, 4.125, 4.1875, 4.25, 4.3125, 4.375, 4.4375, 4.5, 4.5625, 4.625, 4.6875, 4.75, 4.8125, 4.875, 4.9375, 5.0]}, "errors_run1_task1_per_epoch": 186, "cumulative_reward_run1_task1_per_epoch": 0, "cumulative_loss_run1_task1_per_epoch": 0, "pool_indices_run1_task1_per_epoch": {"_type": "histogram", "values": [0, 0, 0, 0, 0, 0, 0, 0, 0, 0, 0, 0, 0, 0, 0, 0, 0, 0, 0, 0, 0, 0, 0, 0, 0, 0, 0, 0, 0, 0, 0, 0, 0, 0, 0, 0, 0, 0, 0, 0, 0, 0, 0, 0, 0, 0, 0, 0, 0, 0, 0, 0, 0, 0, 0, 0, 0, 0, 0, 0, 0, 0, 0, 0], "bins": [0.0, 0.015625, 0.03125, 0.046875, 0.0625, 0.078125, 0.09375, 0.109375, 0.125, 0.140625, 0.15625, 0.171875, 0.1875, 0.203125, 0.21875, 0.234375, 0.25, 0.265625, 0.28125, 0.296875, 0.3125, 0.328125, 0.34375, 0.359375, 0.375, 0.390625, 0.40625, 0.421875, 0.4375, 0.453125, 0.46875, 0.484375, 0.5, 0.515625, 0.53125, 0.546875, 0.5625, 0.578125, 0.59375, 0.609375, 0.625, 0.640625, 0.65625, 0.671875, 0.6875, 0.703125, 0.71875, 0.734375, 0.75, 0.765625, 0.78125, 0.796875, 0.8125, 0.828125, 0.84375, 0.859375, 0.875, 0.890625, 0.90625, 0.921875, 0.9375, 0.953125, 0.96875, 0.984375, 1.0]}, "errors_run2_task0_per_epoch": 213, "cumulative_reward_run2_task0_per_epoch": -1.0056773643009365, "cumulative_loss_run2_task0_per_epoch": 1.0822619199752808, "pool_indices_run2_task0_per_epoch": {"_type": "histogram", "values": [0, 0, 0, 0, 0, 0, 0, 0, 0, 0, 0, 0, 0, 0, 0, 0, 0, 0, 0, 0, 0, 0, 0, 0, 0, 0, 0, 0, 0, 0, 0, 0, 0, 0, 0, 0, 0, 0, 0, 0, 0, 0, 0, 0, 0, 0, 0, 0, 0, 0, 0, 0, 0, 0, 0, 0, 0, 0, 0, 0, 0, 0, 0, 0], "bins": [0.0, 0.015625, 0.03125, 0.046875, 0.0625, 0.078125, 0.09375, 0.109375, 0.125, 0.140625, 0.15625, 0.171875, 0.1875, 0.203125, 0.21875, 0.234375, 0.25, 0.265625, 0.28125, 0.296875, 0.3125, 0.328125, 0.34375, 0.359375, 0.375, 0.390625, 0.40625, 0.421875, 0.4375, 0.453125, 0.46875, 0.484375, 0.5, 0.515625, 0.53125, 0.546875, 0.5625, 0.578125, 0.59375, 0.609375, 0.625, 0.640625, 0.65625, 0.671875, 0.6875, 0.703125, 0.71875, 0.734375, 0.75, 0.765625, 0.78125, 0.796875, 0.8125, 0.828125, 0.84375, 0.859375, 0.875, 0.890625, 0.90625, 0.921875, 0.9375, 0.953125, 0.96875, 0.984375, 1.0]}, "errors_run2_task1_per_epoch": 197, "cumulative_reward_run2_task1_per_epoch": -2.060098398476839, "cumulative_loss_run2_task1_per_epoch": 86.50692749023438, "pool_indices_run2_task1_per_epoch": {"_type": "histogram", "values": [1, 0, 0, 0, 0, 0, 0, 0, 0, 0, 0, 0, 0, 0, 0, 0, 0, 0, 0, 0, 0, 0, 0, 0, 0, 0, 0, 0, 0, 0, 0, 0, 0, 0, 0, 0, 0, 0, 0, 0, 0, 0, 0, 0, 0, 0, 0, 0, 0, 0, 0, 0, 0, 0, 0, 0, 0, 0, 0, 0, 0, 0, 0, 1], "bins": [0.0, 0.015625, 0.03125, 0.046875, 0.0625, 0.078125, 0.09375, 0.109375, 0.125, 0.140625, 0.15625, 0.171875, 0.1875, 0.203125, 0.21875, 0.234375, 0.25, 0.265625, 0.28125, 0.296875, 0.3125, 0.328125, 0.34375, 0.359375, 0.375, 0.390625, 0.40625, 0.421875, 0.4375, 0.453125, 0.46875, 0.484375, 0.5, 0.515625, 0.53125, 0.546875, 0.5625, 0.578125, 0.59375, 0.609375, 0.625, 0.640625, 0.65625, 0.671875, 0.6875, 0.703125, 0.71875, 0.734375, 0.75, 0.765625, 0.78125, 0.796875, 0.8125, 0.828125, 0.84375, 0.859375, 0.875, 0.890625, 0.90625, 0.921875, 0.9375, 0.953125, 0.96875, 0.984375, 1.0]}, "Loss versus step (task=1, runs=2)": {"_type": "image-file", "sha256": "8ed05e1da34a403b6ff019fd69d6c049382652bb28824309ff7371a6817702bc", "size": 48392, "path": "media/images/Loss versus step (task=1, runs=2)_24660_8ed05e1da34a403b6ff0.png", "format": "png", "width": 532, "height": 410}, "Loss versus step (task=3, runs=2)": {"_type": "image-file",