{"loss_epoch0_task0": 0.003962493501603603, "_timestamp": 1699042742.148112, "_runtime": 1826.0578730106354, "_step": 70187, "reward_epoch0_task0": -50, "pool_indices_epoch0_task0": [10, 23, 21, 13, 14], "loss/epoch0_task0": 0.0192367285490036, "sin_curve/epoch0_task0": -0.037471793591976166, "loss_epoch0_task1": 4.700659275054932, "reward_epoch0_task1": -50, "pool_indices_epoch0_task1": [15, 21, 21, 7, 9], "loss/epoch0_task1": 4.700659275054932, "sin_curve/epoch0_task1": 0.9891659617424011, "loss_epoch0_task2": 16.05051612854004, "reward_epoch0_task2": 16.05051612854004, "pool_indices_epoch0_task2": [10, 22, 23, 4], "loss/epoch0_task2": 16.05051612854004, "sin_curve/epoch0_task2": 1.8821916580200195, "loss_epoch0_task3": 2.200577735900879, "reward_epoch0_task3": 2.200577735900879, "pool_indices_epoch0_task3": [15, 21, 2, 3, 19], "_wandb": {"runtime": 567}}