{"loss_task6_per_step": 6.177370548248291, "_timestamp": 1703240606.9639127, "_runtime": 9148.033414840698, "_step": 540911, "reward_task6_per_step": -1, "action_types_task6_per_step": {"_type": "histogram", "values": [0, 0, 0, 0, 0, 0, 0, 0, 0, 0, 0, 0, 0, 0, 0, 0, 0, 0, 0, 0, 0, 0, 0, 0, 0, 0, 0, 0, 0, 0, 0, 0, 0, 0, 0, 0, 0, 0, 0, 0, 0, 0, 0, 0, 0, 0, 0, 0, 0, 0, 0, 0, 0, 0, 0, 0, 0, 0, 0, 0, 0, 0, 0, 0], "bins": [0.0, 0.015625, 0.03125, 0.046875, 0.0625, 0.078125, 0.09375, 0.109375, 0.125, 0.140625, 0.15625, 0.171875, 0.1875, 0.203125, 0.21875, 0.234375, 0.25, 0.265625, 0.28125, 0.296875, 0.3125, 0.328125, 0.34375, 0.359375, 0.375, 0.390625, 0.40625, 0.421875, 0.4375, 0.453125, 0.46875, 0.484375, 0.5, 0.515625, 0.53125, 0.546875, 0.5625, 0.578125, 0.59375, 0.609375, 0.625, 0.640625, 0.65625, 0.671875, 0.6875, 0.703125, 0.71875, 0.734375, 0.75, 0.765625, 0.78125, 0.796875, 0.8125, 0.828125, 0.84375, 0.859375, 0.875, 0.890625, 0.90625, 0.921875, 0.9375, 0.953125, 0.96875, 0.984375, 1.0]}, "pool_indices_task6_per_step": {"_type": "histogram", "values": [0, 0, 0, 0, 0, 0, 0, 0, 0, 0, 0, 0, 0, 0, 0, 0, 0, 0, 0, 0, 0, 0, 0, 0, 0, 0, 0, 0, 0, 0, 0, 0, 1, 0, 0, 0, 0, 0, 0, 0, 0, 0, 0, 0, 0, 0, 0, 0, 0, 0, 0, 0, 0, 0, 0, 0, 0, 0, 0, 0, 0, 0, 0, 0], "bins": [12.5, 12.515625, 12.53125, 12.546875, 12.5625, 12.578125, 12.59375, 12.609375, 12.625, 12.640625, 12.65625, 12.671875, 12.6875, 12.703125, 12.71875, 12.734375, 12.75, 12.765625, 12.78125, 12.796875, 12.8125, 12.828125, 12.84375, 12.859375, 12.875, 12.890625, 12.90625, 12.921875, 12.9375, 12.953125, 12.96875, 12.984375, 13.0, 13.015625, 13.03125, 13.046875, 13.0625, 13.078125, 13.09375, 13.109375, 13.125, 13.140625, 13.15625, 13.171875, 13.1875, 13.203125, 13.21875, 13.234375, 13.25, 13.265625, 13.28125, 13.296875, 13.3125, 13.328125, 13.34375, 13.359375, 13.375, 13.390625, 13.40625, 13.421875, 13.4375, 13.453125, 13.46875, 13.484375, 13.5]}, "loss_task2_per_step": 12.634631156921387, "reward_task2_per_step": -1, "action_types_task2_per_step": {"_type": "histogram", "values": [0, 0, 0, 0, 0, 0, 0, 0, 0, 0, 0, 0, 0, 0, 0, 0, 0, 0, 0, 0, 0, 0, 0, 0, 0, 0, 0, 0, 0, 0, 0, 0, 0, 0, 0, 0, 0, 0, 0, 0, 0, 0, 0, 0, 0, 0, 0, 0, 0, 0, 0, 0, 0, 0, 0, 0, 0, 0, 0, 0, 0, 0, 0, 0], "bins": [0.0, 0.015625, 0.03125, 0.046875, 0.0625, 0.078125, 0.09375, 0.109375, 0.125, 0.140625, 0.15625, 0.171875, 0.1875, 0.203125, 0.21875, 0.234375, 0.25, 0.265625, 0.28125, 0.296875, 0.3125, 0.328125, 0.34375, 0.359375, 0.375, 0.390625, 0.40625, 0.421875, 0.4375, 0.453125, 0.46875, 0.484375, 0.5, 0.515625, 0.53125, 0.546875, 0.5625, 0.578125, 0.59375, 0.609375, 0.625, 0.640625, 0.65625, 0.671875, 0.6875, 0.703125, 0.71875, 0.734375, 0.75, 0.765625, 0.78125, 0.796875, 0.8125, 0.828125, 0.84375, 0.859375, 0.875, 0.890625, 0.90625, 0.921875, 0.9375, 0.953125, 0.96875, 0.984375, 1.0]}, "pool_indices_task2_per_step": {"_type": "histogram", "values": [0, 0, 0, 0, 0, 0, 0, 0, 0, 0, 0, 0, 0, 0, 0, 0, 0, 0, 0, 0, 0, 0, 0, 0, 0, 0, 0, 0, 0, 0, 0, 0, 1, 0, 0, 0, 0, 0, 0, 0, 0, 0, 0, 0, 0, 0, 0, 0, 0, 0, 0, 0, 0, 0, 0, 0, 0, 0, 0, 0, 0, 0, 0, 0], "bins": [12.5, 12.515625, 12.53125, 12.546875, 12.5625, 12.578125, 12.59375, 12.609375, 12.625, 12.640625, 12.65625, 12.671875, 12.6875, 12.703125, 12.71875, 12.734375, 12.75, 12.765625, 12.78125, 12.796875, 12.8125, 12.828125, 12.84375, 12.859375, 12.875, 12.890625, 12.90625, 12.921875, 12.9375, 12.953125, 12.96875, 12.984375, 13.0, 13.015625, 13.03125, 13.046875, 13.0625, 13.078125, 13.09375, 13.109375, 13.125, 13.140625, 13.15625, 13.171875, 13.1875, 13.203125, 13.21875, 13.234375, 13.25, 13.265625, 13.28125, 13.296875, 13.3125, 13.328125, 13.34375, 13.359375, 13.375, 13.390625, 13.40625, 13.421875, 13.4375, 13.453125, 13.46875, 13.484375, 13.5]}, "loss_task4_per_step": 52.32124328613281, "reward_task4_per_step": -1, "action_types_task4_per_step": {"_type": "histogram", "values": [0, 0, 0, 0, 0, 0, 0, 0, 0, 0, 0, 0, 0, 0, 0, 0, 0, 0, 0, 0, 0, 0, 0, 0, 0, 0, 0, 0, 0, 0, 0, 0, 0, 0, 0, 0, 0, 0, 0, 0, 0, 0, 0, 0, 0, 0, 0, 0, 0, 0, 0, 0, 0, 0, 0, 0, 0, 0, 0, 0, 0, 0, 0, 0], "bins": [0.0, 0.015625, 0.03125, 0.046875, 0.0625, 0.078125, 0.09375, 0.109375, 0.125, 0.140625, 0.15625, 0.171875, 0.1875, 0.203125, 0.21875, 0.234375, 0.25, 0.265625, 0.28125, 0.296875, 0.3125, 0.328125, 0.34375, 0.359375, 0.375, 0.390625, 0.40625, 0.421875, 0.4375, 0.453125, 0.46875, 0.484375, 0.5, 0.515625, 0.53125, 0.546875, 0.5625, 0.578125, 0.59375, 0.609375, 0.625, 0.640625, 0.65625, 0.671875, 0.6875, 0.703125, 0.71875, 0.734375, 0.75, 0.765625, 0.78125, 0.796875, 0.8125, 0.828125, 0.84375, 0.859375, 0.875, 0.890625, 0.90625, 0.921875, 0.9375, 0.953125, 0.96875, 0.984375, 1.0]}, "pool_indices_task4_per_step": {"_type": "histogram", "values": [0, 0, 0, 0, 0, 0, 0, 0, 0, 0, 0, 0, 0, 0, 0, 0, 0, 0, 0, 0, 0, 0, 0, 0, 0, 0, 0, 0, 0, 0, 0, 0, 1, 0, 0, 0, 0, 0, 0, 0, 0, 0, 0, 0, 0, 0, 0, 0, 0, 0, 0, 0, 0, 0, 0, 0, 0, 0, 0, 0, 0, 0, 0, 0], "bins": [12.5, 12.515625, 12.53125, 12.546875, 12.5625, 12.578125, 12.59375, 12.609375, 12.625, 12.640625, 12.65625, 12.671875, 12.6875, 12.703125, 12.71875, 12.734375, 12.75, 12.765625, 12.78125, 12.796875, 12.8125, 12.828125, 12.84375, 12.859375, 12.875, 12.890625, 12.90625, 12.921875, 12.9375, 12.953125, 12.96875, 12.984375, 13.0, 13.015625, 13.03125, 13.046875, 13.0625, 13.078125, 13.09375, 13.109375, 13.125, 13.140625, 13.15625, 13.171875, 13.1875, 13.203125, 13.21875, 13.234375, 13.25, 13.265625, 13.28125, 13.296875, 13.3125, 13.328125, 13.34375, 13.359375, 13.375, 13.390625, 13.40625, 13.421875, 13.4375, 13.453125, 13.46875, 13.484375, 13.5]}, "loss_task1_per_step": 6.058522701263428, "reward_task1_per_step": -1, "action_types_task1_per_step": {"_type": "histogram", "values": [0, 0, 0, 0, 0, 0, 0, 0, 0, 0, 0, 0, 0, 0, 0, 0, 0, 0, 0, 0, 0, 0, 0, 0, 0, 0, 0, 0, 0, 0, 0, 0, 0, 0, 0, 0, 0, 0, 0, 0, 0, 0, 0, 0, 0, 0, 0, 0, 0, 0, 0, 0, 0, 0, 0, 0, 0, 0, 0, 0, 0, 0, 0, 0], "bins": [0.0, 0.015625, 0.03125, 0.046875, 0.0625, 0.078125, 0.09375, 0.109375, 0.125, 0.140625, 0.15625, 0.171875, 0.1875, 0.203125, 0.21875, 0.234375, 0.25, 0.265625, 0.28125, 0.296875, 0.3125, 0.328125, 0.34375, 0.359375, 0.375, 0.390625, 0.40625, 0.421875, 0.4375, 0.453125, 0.46875, 0.484375, 0.5, 0.515625, 0.53125, 0.546875, 0.5625, 0.578125, 0.59375, 0.609375, 0.625, 0.640625, 0.65625, 0.671875, 0.6875, 0.703125, 0.71875, 0.734375, 0.75, 0.765625, 0.78125, 0.796875, 0.8125, 0.828125, 0.84375, 0.859375, 0.875, 0.890625, 0.90625, 0.921875, 0.9375, 0.953125, 0.96875, 0.984375, 1.0]}, "pool_indices_task1_per_step": {"_type": "histogram", "values": [0, 0, 0, 0, 0, 0, 0, 0, 0, 0, 0, 0, 0, 0, 0, 0, 0, 0, 0, 0, 0, 0, 0, 0, 0, 0, 0, 0, 0, 0, 0, 0, 1, 0, 0, 0, 0, 0, 0, 0, 0, 0, 0, 0, 0, 0, 0, 0, 0, 0, 0, 0, 0, 0, 0, 0, 0, 0, 0, 0, 0, 0, 0, 0], "bins": [12.5, 12.515625, 12.53125, 12.546875, 12.5625, 12.578125, 12.59375, 12.609375, 12.625, 12.640625, 12.65625, 12.671875, 12.6875, 12.703125, 12.71875, 12.734375, 12.75, 12.765625, 12.78125, 12.796875, 12.8125, 12.828125, 12.84375, 12.859375, 12.875, 12.890625, 12.90625, 12.921875, 12.9375, 12.953125, 12.96875, 12.984375, 13.0, 13.015625, 13.03125, 13.046875, 13.0625, 13.078125, 13.09375, 13.109375, 13.125, 13.140625, 13.15625, 13.171875, 13.1875, 13.203125, 13.21875, 13.234375, 13.25, 13.265625, 13.28125, 13.296875, 13.3125, 13.328125, 13.34375, 13.359375, 13.375, 13.390625, 13.40625, 13.421875, 13.4375, 13.453125, 13.46875, 13.484375, 13.5]}, "loss_task0_per_step": 6.27921199798584, "reward_task0_per_step": -1, "action_types_task0_per_step": {"_type": "histogram", "values": [0, 0, 0, 0, 0, 0, 0, 0, 0, 0, 0, 0, 0, 0, 0, 0, 0, 0, 0, 0, 0, 0, 0, 0, 0, 0, 0, 0, 0, 0, 0, 0, 0, 0, 0, 0, 0, 0, 0, 0, 0, 0, 0, 0, 0, 0, 0, 0, 0, 0, 0, 0, 0, 0, 0, 0, 0, 0, 0, 0, 0, 0, 0, 0],