{"loss_task0_per_step": 0.0049647134728729725, "_timestamp": 1703109258.7167902, "_runtime": 44.00699520111084, "_step": 3383, "reward_task0_per_step": -0.001428854069672525, "action_types_task0_per_step": {"_type": "histogram", "values": [0, 0, 0, 0, 0, 0, 0, 0, 0, 0, 0, 0, 0, 0, 0, 0, 0, 0, 0, 0, 0, 0, 0, 0, 0, 0, 0, 0, 0, 0, 0, 0, 0, 0, 0, 0, 0, 0, 0, 0, 0, 0, 0, 0, 0, 0, 0, 0, 0, 0, 0, 0, 0, 0, 0, 0, 0, 0, 0, 0, 0, 0, 0, 0], "bins": [0.0, 0.015625, 0.03125, 0.046875, 0.0625, 0.078125, 0.09375, 0.109375, 0.125, 0.140625, 0.15625, 0.171875, 0.1875, 0.203125, 0.21875, 0.234375, 0.25, 0.265625, 0.28125, 0.296875, 0.3125, 0.328125, 0.34375, 0.359375, 0.375, 0.390625, 0.40625, 0.421875, 0.4375, 0.453125, 0.46875, 0.484375, 0.5, 0.515625, 0.53125, 0.546875, 0.5625, 0.578125, 0.59375, 0.609375, 0.625, 0.640625, 0.65625, 0.671875, 0.6875, 0.703125, 0.71875, 0.734375, 0.75, 0.765625, 0.78125, 0.796875, 0.8125, 0.828125, 0.84375, 0.859375, 0.875, 0.890625, 0.90625, 0.921875, 0.9375, 0.953125, 0.96875, 0.984375, 1.0]}, "pool_indices_task0_per_step": {"_type": "histogram", "values": [1, 0, 0, 0, 0, 0, 0, 0, 0, 0, 0, 0, 0, 0, 0, 0, 0, 0, 0, 0, 0, 0, 0, 0, 0, 0, 0, 0, 0, 0, 0, 0, 1, 0, 0, 0, 0, 0, 0, 0, 0, 0, 0, 0, 0, 0, 0, 0, 0, 0, 0, 0, 0, 0, 0, 0, 0, 0, 0, 0, 0, 0, 0, 1], "bins": [3.0, 3.03125, 3.0625, 3.09375, 3.125, 3.15625, 3.1875, 3.21875, 3.25, 3.28125, 3.3125, 3.34375, 3.375, 3.40625, 3.4375, 3.46875, 3.5, 3.53125, 3.5625, 3.59375, 3.625, 3.65625, 3.6875, 3.71875, 3.75, 3.78125, 3.8125, 3.84375, 3.875, 3.90625, 3.9375, 3.96875, 4.0, 4.03125, 4.0625, 4.09375, 4.125, 4.15625, 4.1875, 4.21875, 4.25, 4.28125, 4.3125, 4.34375, 4.375, 4.40625, 4.4375, 4.46875, 4.5, 4.53125, 4.5625, 4.59375, 4.625, 4.65625, 4.6875, 4.71875, 4.75, 4.78125, 4.8125, 4.84375, 4.875, 4.90625, 4.9375, 4.96875, 5.0]}, "errors_run1_task0_per_epoch": 72, "cumulative_reward_run1_task0_per_epoch": -4.002108850516379, "cumulative_loss_run1_task0_per_epoch": 0.18197041284292936, "pool_indices_run1_task0_per_epoch": {"_type": "histogram", "values": [0, 0, 0, 0, 0, 0, 0, 0, 0, 0, 0, 0, 0, 0, 0, 0, 0, 0, 0, 0, 0, 0, 0, 0, 0, 0, 0, 0, 0, 0, 0, 0, 1, 0, 0, 0, 0, 0, 0, 0, 0, 0, 0, 0, 0, 0, 0, 0, 0, 0, 0, 0, 0, 0, 0, 0, 0, 0, 0, 0, 0, 0, 0, 0], "bins": [4.5, 4.515625, 4.53125, 4.546875, 4.5625, 4.578125, 4.59375, 4.609375, 4.625, 4.640625, 4.65625, 4.671875, 4.6875, 4.703125, 4.71875, 4.734375, 4.75, 4.765625, 4.78125, 4.796875, 4.8125, 4.828125, 4.84375, 4.859375, 4.875, 4.890625, 4.90625, 4.921875, 4.9375, 4.953125, 4.96875, 4.984375, 5.0, 5.015625, 5.03125, 5.046875, 5.0625, 5.078125, 5.09375, 5.109375, 5.125, 5.140625, 5.15625, 5.171875, 5.1875, 5.203125, 5.21875, 5.234375, 5.25, 5.265625, 5.28125, 5.296875, 5.3125, 5.328125, 5.34375, 5.359375, 5.375, 5.390625, 5.40625, 5.421875, 5.4375, 5.453125, 5.46875, 5.484375, 5.5]}, "errors_run2_task0_per_epoch": 73, "cumulative_reward_run2_task0_per_epoch": -3.021990342065692, "cumulative_loss_run2_task0_per_epoch": 0.24533310905098915, "pool_indices_run2_task0_per_epoch": {"_type": "histogram", "values": [0, 0, 0, 0, 0, 0, 0, 0, 0, 0, 0, 0, 0, 0, 0, 0, 0, 0, 0, 0, 0, 0, 0, 0, 0, 0, 0, 0, 0, 0, 0, 0, 1, 0, 0, 0, 0, 0, 0, 0, 0, 0, 0, 0, 0, 0, 0, 0, 0, 0, 0, 0, 0, 0, 0, 0, 0, 0, 0, 0, 0, 0, 0, 0], "bins": [-0.5, -0.484375, -0.46875, -0.453125, -0.4375, -0.421875, -0.40625, -0.390625, -0.375, -0.359375, -0.34375, -0.328125, -0.3125, -0.296875, -0.28125, -0.265625, -0.25, -0.234375, -0.21875, -0.203125, -0.1875, -0.171875, -0.15625, -0.140625, -0.125, -0.109375, -0.09375, -0.078125, -0.0625, -0.046875, -0.03125, -0.015625, 0.0, 0.015625, 0.03125, 0.046875, 0.0625, 0.078125, 0.09375, 0.109375, 0.125, 0.140625, 0.15625, 0.171875, 0.1875, 0.203125, 0.21875, 0.234375, 0.25, 0.265625, 0.28125, 0.296875, 0.3125, 0.328125, 0.34375, 0.359375, 0.375, 0.390625, 0.40625, 0.421875, 0.4375, 0.453125, 0.46875, 0.484375, 0.5]}, "loss_task1_per_step": 14.603755950927734, "reward_task1_per_step": NaN, "action_types_task1_per_step": {"_type": "histogram", "values": [0, 0, 0, 0, 0, 0, 0, 0, 0, 0, 0, 0, 0, 0, 0, 0, 0, 0, 0, 0, 0, 0, 0, 0, 0, 0, 0, 0, 0, 0, 0, 0, 0, 0, 0, 0, 0, 0, 0, 0, 0, 0, 0, 0, 0, 0, 0, 0, 0, 0, 0, 0, 0, 0, 0, 0, 0, 0, 0, 0, 0, 0, 0, 0], "bins": [0.0, 0.015625, 0.03125, 0.046875, 0.0625, 0.078125, 0.09375, 0.109375, 0.125, 0.140625, 0.15625, 0.171875, 0.1875, 0.203125, 0.21875, 0.234375, 0.25, 0.265625, 0.28125, 0.296875, 0.3125, 0.328125, 0.34375, 0.359375, 0.375, 0.390625, 0.40625, 0.421875, 0.4375, 0.453125, 0.46875, 0.484375, 0.5, 0.515625, 0.53125, 0.546875, 0.5625, 0.578125, 0.59375, 0.609375, 0.625, 0.640625, 0.65625, 0.671875, 0.6875, 0.703125, 0.71875, 0.734375, 0.75, 0.765625, 0.78125, 0.796875, 0.8125, 0.828125, 0.84375, 0.859375, 0.875, 0.890625, 0.90625, 0.921875, 0.9375, 0.953125, 0.96875, 0.984375, 1.0]}, "pool_indices_task1_per_step": {"_type": "histogram", "values": [1, 0, 0, 0, 0, 0, 0, 0, 0, 0, 0, 0, 0, 0, 0, 0, 0, 0, 0, 0, 0, 0, 0, 0, 0, 0, 0, 0, 0, 0, 0, 0, 1, 0, 0, 0, 0, 0, 0, 0, 0, 0, 0, 0, 0, 0, 0, 0, 0, 0, 0, 0, 0, 0, 0, 0, 0, 0, 0, 0, 0, 0, 0, 1], "bins": [4.0, 4.03125, 4.0625, 4.09375, 4.125, 4.15625, 4.1875, 4.21875, 4.25, 4.28125, 4.3125, 4.34375, 4.375, 4.40625, 4.4375, 4.46875, 4.5, 4.53125, 4.5625, 4.59375, 4.625, 4.65625, 4.6875, 4.71875, 4.75, 4.78125, 4.8125, 4.84375, 4.875, 4.90625, 4.9375, 4.96875, 5.0, 5.03125, 5.0625, 5.09375, 5.125, 5.15625, 5.1875, 5.21875, 5.25, 5.28125, 5.3125, 5.34375, 5.375, 5.40625, 5.4375, 5.46875, 5.5, 5.53125, 5.5625, 5.59375, 5.625, 5.65625, 5.6875, 5.71875, 5.75, 5.78125, 5.8125, 5.84375, 5.875, 5.90625, 5.9375, 5.96875, 6.0]}, "_wandb": {"runtime": 43}}