{"loss_epoch0_task0": 0.00047617650125175714, "_timestamp": 1699289990.1200907, "_runtime": 322.39584970474243, "_step": 4002, "reward_epoch0_task0": -1, "pool_indices_epoch0_task0": {"_type": "histogram", "values": [1, 0, 0, 0, 0, 0, 1, 0, 0, 0, 0, 0, 0, 0, 0, 0, 0, 0, 0, 0, 0, 0, 0, 1, 0, 0, 0, 0, 0, 0, 0, 0, 0, 0, 0, 0, 0, 0, 0, 0, 0, 0, 0, 0, 0, 0, 0, 0, 0, 0, 0, 0, 0, 0, 0, 0, 0, 0, 0, 0, 1, 0, 0, 1], "bins": [12.0, 12.296875, 12.59375, 12.890625, 13.1875, 13.484375, 13.78125, 14.078125, 14.375, 14.671875, 14.96875, 15.265625, 15.5625, 15.859375, 16.15625, 16.453125, 16.75, 17.046875, 17.34375, 17.640625, 17.9375, 18.234375, 18.53125, 18.828125, 19.125, 19.421875, 19.71875, 20.015625, 20.3125, 20.609375, 20.90625, 21.203125, 21.5, 21.796875, 22.09375, 22.390625, 22.6875, 22.984375, 23.28125, 23.578125, 23.875, 24.171875, 24.46875, 24.765625, 25.0625, 25.359375, 25.65625, 25.953125, 26.25, 26.546875, 26.84375, 27.140625, 27.4375, 27.734375, 28.03125, 28.328125, 28.625, 28.921875, 29.21875, 29.515625, 29.8125, 30.109375, 30.40625, 30.703125, 31.0]}, "action_types_epoch0_task0": {"_type": "histogram", "values": [304, 0, 0, 0, 0, 0, 0, 0, 0, 0, 0, 0, 0, 0, 0, 0, 0, 0, 0, 0, 0, 35, 0, 0, 0, 0, 0, 0, 0, 0, 0, 0, 0, 0, 0, 0, 0, 0, 0, 0, 0, 0, 32, 0, 0, 0, 0, 0, 0, 0, 0, 0, 0, 0, 0, 0, 0, 0, 0, 0, 0, 0, 0, 634], "bins": [0.0, 0.046875, 0.09375, 0.140625, 0.1875, 0.234375, 0.28125, 0.328125, 0.375, 0.421875, 0.46875, 0.515625, 0.5625, 0.609375, 0.65625, 0.703125, 0.75, 0.796875, 0.84375, 0.890625, 0.9375, 0.984375, 1.03125, 1.078125, 1.125, 1.171875, 1.21875, 1.265625, 1.3125, 1.359375, 1.40625, 1.453125, 1.5, 1.546875, 1.59375, 1.640625, 1.6875, 1.734375, 1.78125, 1.828125, 1.875, 1.921875, 1.96875, 2.015625, 2.0625, 2.109375, 2.15625, 2.203125, 2.25, 2.296875, 2.34375, 2.390625, 2.4375, 2.484375, 2.53125, 2.578125, 2.625, 2.671875, 2.71875, 2.765625, 2.8125, 2.859375, 2.90625, 2.953125, 3.0]}, "cum_reward/task0": -625.8037719726562, "loss/task0": 0.0006253922474570572, "sine_curve_epoch_0_task_0": {"_type": "image-file", "sha256": "bbd8c4e346b18731f676fb1fd14b8e1fc1fd348dc76b6452a869883cd3a5d5dc", "size": 37173, "path": "media/images/sine_curve_epoch_0_task_0_4002_bbd8c4e346b18731f676.png", "format": "png", "width": 640, "height": 480}, "_wandb": {"runtime": 317}}