{"loss_epoch0_task0": 0.00017282123735640198, "_timestamp": 1699281740.1436062, "_runtime": 2224.1568071842194, "_step": 12011, "reward_epoch0_task0": 0.00017282123735640198, "pool_indices_epoch0_task0": {"_type": "histogram", "values": [1, 0, 0, 0, 1, 0, 0, 0, 0, 0, 0, 0, 0, 0, 0, 0, 0, 0, 0, 0, 0, 0, 1, 0, 0, 0, 0, 0, 0, 0, 0, 0, 0, 0, 0, 0, 0, 0, 0, 0, 0, 0, 0, 0, 0, 0, 0, 0, 0, 0, 0, 0, 0, 0, 0, 0, 0, 0, 0, 0, 0, 1, 0, 1], "bins": [2.0, 2.453125, 2.90625, 3.359375, 3.8125, 4.265625, 4.71875, 5.171875, 5.625, 6.078125, 6.53125, 6.984375, 7.4375, 7.890625, 8.34375, 8.796875, 9.25, 9.703125, 10.15625, 10.609375, 11.0625, 11.515625, 11.96875, 12.421875, 12.875, 13.328125, 13.78125, 14.234375, 14.6875, 15.140625, 15.59375, 16.046875, 16.5, 16.953125, 17.40625, 17.859375, 18.3125, 18.765625, 19.21875, 19.671875, 20.125, 20.578125, 21.03125, 21.484375, 21.9375, 22.390625, 22.84375, 23.296875, 23.75, 24.203125, 24.65625, 25.109375, 25.5625, 26.015625, 26.46875, 26.921875, 27.375, 27.828125, 28.28125, 28.734375, 29.1875, 29.640625, 30.09375, 30.546875, 31.0]}, "action_types_epoch0_task0": {"_type": "histogram", "values": [142, 0, 0, 0, 0, 0, 0, 0, 0, 0, 0, 0, 0, 0, 0, 0, 0, 0, 0, 0, 0, 20, 0, 0, 0, 0, 0, 0, 0, 0, 0, 0, 0, 0, 0, 0, 0, 0, 0, 0, 0, 0, 17, 0, 0, 0, 0, 0, 0, 0, 0, 0, 0, 0, 0, 0, 0, 0, 0, 0, 0, 0, 0, 326], "bins": [0.0, 0.046875, 0.09375, 0.140625, 0.1875, 0.234375, 0.28125, 0.328125, 0.375, 0.421875, 0.46875, 0.515625, 0.5625, 0.609375, 0.65625, 0.703125, 0.75, 0.796875, 0.84375, 0.890625, 0.9375, 0.984375, 1.03125, 1.078125, 1.125, 1.171875, 1.21875, 1.265625, 1.3125, 1.359375, 1.40625, 1.453125, 1.5, 1.546875, 1.59375, 1.640625, 1.6875, 1.734375, 1.78125, 1.828125, 1.875, 1.921875, 1.96875, 2.015625, 2.0625, 2.109375, 2.15625, 2.203125, 2.25, 2.296875, 2.34375, 2.390625, 2.4375, 2.484375, 2.53125, 2.578125, 2.625, 2.671875, 2.71875, 2.765625, 2.8125, 2.859375, 2.90625, 2.953125, 3.0]}, "sine_curve_epoch_0_task_0": {"_type": "image-file", "sha256": "7dccbbc8a8e0b9ef03c781633f7541d4a528e2b8be72413bc9e6b812b42cc295", "size": 36004, "path": "media/images/sine_curve_epoch_0_task_0_12011_7dccbbc8a8e0b9ef03c7.png", "format": "png", "width": 640, "height": 480}, "cum_reward/task0": 0, "loss/task0": 0.00017282123735640198}