{"loss_epoch0_task0": 0.007503838278353214, "_timestamp": 1699240489.0463543, "_runtime": 5567.526962280273, "_step": 52025, "reward_epoch0_task0": 0.007503838278353214, "pool_indices_epoch0_task0": {"_type": "histogram", "values": [1, 0, 0, 0, 0, 0, 0, 0, 0, 0, 0, 0, 0, 0, 0, 0, 0, 0, 0, 0, 0, 0, 0, 1, 0, 0, 0, 0, 0, 0, 0, 0, 0, 0, 0, 0, 0, 0, 0, 0, 1, 0, 0, 0, 0, 0, 0, 0, 0, 0, 0, 0, 0, 0, 0, 0, 0, 0, 1, 0, 0, 0, 0, 1], "bins": [20.0, 20.171875, 20.34375, 20.515625, 20.6875, 20.859375, 21.03125, 21.203125, 21.375, 21.546875, 21.71875, 21.890625, 22.0625, 22.234375, 22.40625, 22.578125, 22.75, 22.921875, 23.09375, 23.265625, 23.4375, 23.609375, 23.78125, 23.953125, 24.125, 24.296875, 24.46875, 24.640625, 24.8125, 24.984375, 25.15625, 25.328125, 25.5, 25.671875, 25.84375, 26.015625, 26.1875, 26.359375, 26.53125, 26.703125, 26.875, 27.046875, 27.21875, 27.390625, 27.5625, 27.734375, 27.90625, 28.078125, 28.25, 28.421875, 28.59375, 28.765625, 28.9375, 29.109375, 29.28125, 29.453125, 29.625, 29.796875, 29.96875, 30.140625, 30.3125, 30.484375, 30.65625, 30.828125, 31.0]}, "action_types_epoch0_task0": {"_type": "histogram", "values": [294, 0, 0, 0, 0, 0, 0, 0, 0, 0, 0, 0, 0, 0, 0, 0, 0, 0, 0, 0, 0, 10, 0, 0, 0, 0, 0, 0, 0, 0, 0, 0, 0, 0, 0, 0, 0, 0, 0, 0, 0, 0, 7, 0, 0, 0, 0, 0, 0, 0, 0, 0, 0, 0, 0, 0, 0, 0, 0, 0, 0, 0, 0, 194], "bins": [0.0, 0.046875, 0.09375, 0.140625, 0.1875, 0.234375, 0.28125, 0.328125, 0.375, 0.421875, 0.46875, 0.515625, 0.5625, 0.609375, 0.65625, 0.703125, 0.75, 0.796875, 0.84375, 0.890625, 0.9375, 0.984375, 1.03125, 1.078125, 1.125, 1.171875, 1.21875, 1.265625, 1.3125, 1.359375, 1.40625, 1.453125, 1.5, 1.546875, 1.59375, 1.640625, 1.6875, 1.734375, 1.78125, 1.828125, 1.875, 1.921875, 1.96875, 2.015625, 2.0625, 2.109375, 2.15625, 2.203125, 2.25, 2.296875, 2.34375, 2.390625, 2.4375, 2.484375, 2.53125, 2.578125, 2.625, 2.671875, 2.71875, 2.765625, 2.8125, 2.859375, 2.90625, 2.953125, 3.0]}, "sine_curve_epoch_0_task_0": {"_type": "image-file", "sha256": "8b1d3201af960e24fb09479de011a3912324ed4e3bc8ac80733a5c3c71de8e45", "size": 32039, "path": "media/images/sine_curve_epoch_0_task_0_52025_8b1d3201af960e24fb09.png", "format": "png", "width": 640, "height": 480}}