{"errors_run{'meta_learning_rate': 0.01, 'sb3_model': 'PPO'}_task0_per_epoch": 858, "_timestamp": 1703560131.8228526, "_runtime": 1196.8349676132202, "_step": 27, "cumulative_reward_run{'meta_learning_rate': 0.01, 'sb3_model': 'PPO'}_task0_per_epoch": -1.7785850316286087, "cumulative_loss_run{'meta_learning_rate': 0.01, 'sb3_model': 'PPO'}_task0_per_epoch": 1.9793027937412262, "pool_indices_run{'meta_learning_rate': 0.01, 'sb3_model': 'PPO'}_task0_per_epoch": {"_type": "histogram", "values": [0, 0, 0, 0, 0, 0, 0, 0, 0, 0, 0, 0, 0, 0, 0, 0, 0, 0, 0, 0, 0, 0, 0, 0, 0, 0, 0, 0, 0, 0, 0, 0, 1, 0, 0, 0, 0, 0, 0, 0, 0, 0, 0, 0, 0, 0, 0, 0, 0, 0, 0, 0, 0, 0, 0, 0, 0, 0, 0, 0, 0, 0, 0, 0], "bins": [-0.5, -0.484375, -0.46875, -0.453125, -0.4375, -0.421875, -0.40625, -0.390625, -0.375, -0.359375, -0.34375, -0.328125, -0.3125, -0.296875, -0.28125, -0.265625, -0.25, -0.234375, -0.21875, -0.203125, -0.1875, -0.171875, -0.15625, -0.140625, -0.125, -0.109375, -0.09375, -0.078125, -0.0625, -0.046875, -0.03125, -0.015625, 0.0, 0.015625, 0.03125, 0.046875, 0.0625, 0.078125, 0.09375, 0.109375, 0.125, 0.140625, 0.15625, 0.171875, 0.1875, 0.203125, 0.21875, 0.234375, 0.25, 0.265625, 0.28125, 0.296875, 0.3125, 0.328125, 0.34375, 0.359375, 0.375, 0.390625, 0.40625, 0.421875, 0.4375, 0.453125, 0.46875, 0.484375, 0.5]}, "errors_run{'meta_learning_rate': 0.01, 'sb3_model': 'PPO'}_task1_per_epoch": 858, "cumulative_reward_run{'meta_learning_rate': 0.01, 'sb3_model': 'PPO'}_task1_per_epoch": -0.8871044367551804, "cumulative_loss_run{'meta_learning_rate': 0.01, 'sb3_model': 'PPO'}_task1_per_epoch": 32.75928211212158, "pool_indices_run{'meta_learning_rate': 0.01, 'sb3_model': 'PPO'}_task1_per_epoch": {"_type": "histogram", "values": [0, 0, 0, 0, 0, 0, 0, 0, 0, 0, 0, 0, 0, 0, 0, 0, 0, 0, 0, 0, 0, 0, 0, 0, 0, 0, 0, 0, 0, 0, 0, 0, 1, 0, 0, 0, 0, 0, 0, 0, 0, 0, 0, 0, 0, 0, 0, 0, 0, 0, 0, 0, 0, 0, 0, 0, 0, 0, 0, 0, 0, 0, 0, 0], "bins": [0.5, 0.515625, 0.53125, 0.546875, 0.5625, 0.578125, 0.59375, 0.609375, 0.625, 0.640625, 0.65625, 0.671875, 0.6875, 0.703125, 0.71875, 0.734375, 0.75, 0.765625, 0.78125, 0.796875, 0.8125, 0.828125, 0.84375, 0.859375, 0.875, 0.890625, 0.90625, 0.921875, 0.9375, 0.953125, 0.96875, 0.984375, 1.0, 1.015625, 1.03125, 1.046875, 1.0625, 1.078125, 1.09375, 1.109375, 1.125, 1.140625, 1.15625, 1.171875, 1.1875, 1.203125, 1.21875, 1.234375, 1.25, 1.265625, 1.28125, 1.296875, 1.3125, 1.328125, 1.34375, 1.359375, 1.375, 1.390625, 1.40625, 1.421875, 1.4375, 1.453125, 1.46875, 1.484375, 1.5]}, "errors_run{'meta_learning_rate': 0.001, 'sb3_model': 'PPO'}_task0_per_epoch": 934, "cumulative_reward_run{'meta_learning_rate': 0.001, 'sb3_model': 'PPO'}_task0_per_epoch": -1.799212709069252, "cumulative_loss_run{'meta_learning_rate': 0.001, 'sb3_model': 'PPO'}_task0_per_epoch": 3.0713881254196167, "pool_indices_run{'meta_learning_rate': 0.001, 'sb3_model': 'PPO'}_task0_per_epoch": {"_type": "histogram", "values": [0, 0, 0, 0, 0, 0, 0, 0, 0, 0, 0, 0, 0, 0, 0, 0, 0, 0, 0, 0, 0, 0, 0, 0, 0, 0, 0, 0, 0, 0, 0, 0, 1, 0, 0, 0, 0, 0, 0, 0, 0, 0, 0, 0, 0, 0, 0, 0, 0, 0, 0, 0, 0, 0, 0, 0, 0, 0, 0, 0, 0, 0, 0, 0], "bins": [1.5, 1.515625, 1.53125, 1.546875, 1.5625, 1.578125, 1.59375, 1.609375, 1.625, 1.640625, 1.65625, 1.671875, 1.6875, 1.703125, 1.71875, 1.734375, 1.75, 1.765625, 1.78125, 1.796875, 1.8125, 1.828125, 1.84375, 1.859375, 1.875, 1.890625, 1.90625, 1.921875, 1.9375, 1.953125, 1.96875, 1.984375, 2.0, 2.015625, 2.03125, 2.046875, 2.0625, 2.078125, 2.09375, 2.109375, 2.125, 2.140625, 2.15625, 2.171875, 2.1875, 2.203125, 2.21875, 2.234375, 2.25, 2.265625, 2.28125, 2.296875, 2.3125, 2.328125, 2.34375, 2.359375, 2.375, 2.390625, 2.40625, 2.421875, 2.4375, 2.453125, 2.46875, 2.484375, 2.5]}, "_wandb": {"runtime": 1352}}