{"loss_task2_per_step": 2.856058359146118, "_timestamp": 1703708949.122859, "_runtime": 861.3000030517578, "_step": 37471, "reward_task2_per_step": -0.041233811527490616, "pool_indices_task2_per_step": {"_type": "histogram", "values": [1, 0, 0, 0, 0, 0, 0, 0, 0, 0, 0, 0, 1, 0, 0, 0, 0, 0, 0, 0, 0, 0, 0, 0, 0, 0, 0, 0, 0, 0, 0, 0, 0, 0, 0, 0, 0, 0, 0, 0, 0, 0, 0, 0, 0, 0, 0, 0, 0, 0, 0, 0, 0, 0, 0, 0, 0, 0, 0, 0, 0, 0, 0, 1], "bins": [2.0, 2.078125, 2.15625, 2.234375, 2.3125, 2.390625, 2.46875, 2.546875, 2.625, 2.703125, 2.78125, 2.859375, 2.9375, 3.015625, 3.09375, 3.171875, 3.25, 3.328125, 3.40625, 3.484375, 3.5625, 3.640625, 3.71875, 3.796875, 3.875, 3.953125, 4.03125, 4.109375, 4.1875, 4.265625, 4.34375, 4.421875, 4.5, 4.578125, 4.65625, 4.734375, 4.8125, 4.890625, 4.96875, 5.046875, 5.125, 5.203125, 5.28125, 5.359375, 5.4375, 5.515625, 5.59375, 5.671875, 5.75, 5.828125, 5.90625, 5.984375, 6.0625, 6.140625, 6.21875, 6.296875, 6.375, 6.453125, 6.53125, 6.609375, 6.6875, 6.765625, 6.84375, 6.921875, 7.0]}, "loss_task4_per_step": 0.1281554102897644, "reward_task4_per_step": -0.004205517470836639, "pool_indices_task4_per_step": {"_type": "histogram", "values": [1, 0, 0, 0, 0, 0, 0, 0, 0, 0, 1, 0, 0, 0, 0, 0, 0, 0, 0, 0, 0, 0, 0, 0, 0, 0, 0, 0, 0, 0, 0, 0, 0, 0, 0, 0, 0, 0, 0, 0, 0, 0, 0, 0, 0, 0, 0, 0, 0, 0, 0, 0, 0, 0, 0, 0, 0, 0, 0, 0, 0, 0, 0, 1], "bins": [4.0, 4.09375, 4.1875, 4.28125, 4.375, 4.46875, 4.5625, 4.65625, 4.75, 4.84375, 4.9375, 5.03125, 5.125, 5.21875, 5.3125, 5.40625, 5.5, 5.59375, 5.6875, 5.78125, 5.875, 5.96875, 6.0625, 6.15625, 6.25, 6.34375, 6.4375, 6.53125, 6.625, 6.71875, 6.8125, 6.90625, 7.0, 7.09375, 7.1875, 7.28125, 7.375, 7.46875, 7.5625, 7.65625, 7.75, 7.84375, 7.9375, 8.03125, 8.125, 8.21875, 8.3125, 8.40625, 8.5, 8.59375, 8.6875, 8.78125, 8.875, 8.96875, 9.0625, 9.15625, 9.25, 9.34375, 9.4375, 9.53125, 9.625, 9.71875, 9.8125, 9.90625, 10.0]}, "loss_task6_per_step": 0.01254592090845108, "reward_task6_per_step": -0.0017002810491248965, "pool_indices_task6_per_step": {"_type": "histogram", "values": [1, 0, 0, 0, 0, 0, 0, 0, 0, 0, 0, 0, 0, 0, 0, 0, 0, 0, 0, 0, 0, 0, 0, 0, 0, 0, 0, 0, 0, 0, 0, 0, 0, 0, 0, 0, 0, 0, 0, 0, 0, 0, 0, 0, 0, 0, 0, 0, 1, 0, 0, 0, 0, 0, 0, 0, 0, 0, 0, 0, 0, 0, 0, 1], "bins": [2.0, 2.1875, 2.375, 2.5625, 2.75, 2.9375, 3.125, 3.3125, 3.5, 3.6875, 3.875, 4.0625, 4.25, 4.4375, 4.625, 4.8125, 5.0, 5.1875, 5.375, 5.5625, 5.75, 5.9375, 6.125, 6.3125, 6.5, 6.6875, 6.875, 7.0625, 7.25, 7.4375, 7.625, 7.8125, 8.0, 8.1875, 8.375, 8.5625, 8.75, 8.9375, 9.125, 9.3125, 9.5, 9.6875, 9.875, 10.0625, 10.25, 10.4375, 10.625, 10.8125, 11.0, 11.1875, 11.375, 11.5625, 11.75, 11.9375, 12.125, 12.3125, 12.5, 12.6875, 12.875, 13.0625, 13.25, 13.4375, 13.625, 13.8125, 14.0]}, "loss_task5_per_step": 0.4478473365306854, "reward_task5_per_step": -0.0023071125615388155, "pool_indices_task5_per_step": {"_type": "histogram", "values": [1, 0, 0, 0, 1, 0, 0, 0, 0, 0, 0, 0, 0, 0, 0, 0, 0, 0, 0, 0, 0, 0, 0, 0, 0, 0, 0, 0, 0, 0, 0, 0, 0, 0, 0, 0, 0, 0, 0, 0, 0, 0, 0, 0, 0, 0, 0, 0, 0, 0, 0, 0, 0, 0, 0, 0, 0, 0, 0, 0, 0, 0, 0, 1], "bins": [2.0, 2.203125, 2.40625, 2.609375, 2.8125, 3.015625, 3.21875, 3.421875, 3.625, 3.828125, 4.03125, 4.234375, 4.4375, 4.640625, 4.84375, 5.046875, 5.25, 5.453125, 5.65625, 5.859375, 6.0625, 6.265625, 6.46875, 6.671875, 6.875, 7.078125, 7.28125, 7.484375, 7.6875, 7.890625, 8.09375, 8.296875, 8.5, 8.703125, 8.90625, 9.109375, 9.3125, 9.515625, 9.71875, 9.921875, 10.125, 10.328125, 10.53125, 10.734375, 10.9375, 11.140625, 11.34375, 11.546875, 11.75, 11.953125, 12.15625, 12.359375, 12.5625, 12.765625, 12.96875, 13.171875, 13.375, 13.578125, 13.78125, 13.984375, 14.1875, 14.390625, 14.59375, 14.796875, 15.0]}, "loss_task1_per_step": 0.011068318970501423, "reward_task1_per_step": -0.00011342040670569986, "pool_indices_task1_per_step": {"_type": "histogram", "values": [1, 0, 0, 0, 0, 0, 0, 0, 0, 0, 1, 0, 0, 0, 0, 0, 0, 0, 0, 0, 0, 0, 0, 0, 0, 0, 0, 0, 0, 0, 0, 0, 0, 0, 0, 0, 0, 0, 0, 0, 0, 0, 0, 0, 0, 0, 0, 0, 0, 0, 0, 0, 0, 0, 0, 0, 0, 0, 0, 0, 0, 0, 0, 1], "bins": [2.0, 2.28125, 2.5625, 2.84375, 3.125, 3.40625, 3.6875, 3.96875, 4.25, 4.53125, 4.8125, 5.09375, 5.375, 5.65625, 5.9375, 6.21875, 6.5, 6.78125, 7.0625, 7.34375, 7.625, 7.90625, 8.1875, 8.46875, 8.75, 9.03125, 9.3125, 9.59375, 9.875, 10.15625, 10.4375, 10.71875, 11.0, 11.28125, 11.5625, 11.84375, 12.125, 12.40625, 12.6875, 12.96875, 13.25, 13.53125, 13.8125, 14.09375, 14.375, 14.65625, 14.9375, 15.21875, 15.5, 15.78125, 16.0625, 16.34375, 16.625, 16.90625, 17.1875, 17.46875, 17.75, 18.03125, 18.3125, 18.59375, 18.875, 19.15625, 19.4375, 19.71875, 20.0]}, "loss_task0_per_step": 0.40398934483528137, "reward_task0_per_step": -0.024057568982243538, "pool_indices_task0_per_step": {"_type": "histogram", "values": [1, 0, 0, 0, 0, 0, 0, 0, 0, 0, 0, 0, 0, 0, 0, 0, 0, 0, 1, 0, 0, 0, 0, 0, 0, 0, 0, 0, 0, 0, 0, 0, 0, 0, 0, 0, 0, 0, 0, 0, 0, 0, 0, 0, 0, 0, 0, 0, 0, 0, 0, 0, 0, 0, 0, 0, 0, 0, 0, 0, 0, 0, 0, 1], "bins": [2.0, 2.265625, 2.53125, 2.796875, 3.0625, 3.328125, 3.59375, 3.859375, 4.125, 4.390625, 4.65625, 4.921875, 5.1875, 5.453125, 5.71875, 5.984375, 6.25, 6.515625, 6.78125, 7.046875, 7.3125, 7.578125, 7.84375, 8.109375, 8.375, 8.640625, 8.90625, 9.171875, 9.4375, 9.703125, 9.96875, 10.234375, 10.5, 10.765625, 11.03125, 11.296875, 11.5625, 11.828125, 12.09375, 12.359375, 12.625, 12.890625, 13.15625, 13.421875, 13.6875, 13.953125, 14.21875, 14.484375, 14.75, 15.015625, 15.28125, 15.546875, 15.8125, 16.078125, 16.34375, 16.609375, 16.875, 17.140625, 17.40625, 17.671875, 17.9375, 18.203125, 18.46875, 18.734375, 19.0]}, "loss_task3_per_step": 0.011384189128875732, "reward_task3_per_step": NaN, "pool_indices_task3_per_step": {"_type": "histogram", "values": [1, 0, 0, 0, 0, 0, 0, 0, 0, 0, 0, 0, 0, 0, 0, 0, 0, 0, 0, 0, 0, 0, 0, 0, 0, 0, 0, 0, 0, 0, 0, 0, 0, 0, 0, 0, 0, 0, 0, 0, 0, 0, 0, 0, 0, 0, 0, 0, 0, 0, 0, 0, 0, 0, 0, 0, 1, 0, 0, 0, 0, 0, 0, 1], "bins": [12.0, 12.140625, 12.28125, 12.421875, 12.5625, 12.703125, 12.84375, 12.984375, 13.125, 13.265625, 13.40625, 13.546875, 13.6875, 13.828125, 13.96875, 14.109375, 14.25, 14.390625, 14.53125, 14.671875, 14.8125, 14.953125, 15.09375, 15.234375, 15.375, 15.515625, 15.65625, 15.796875, 15.9375, 16.078125, 16.21875, 16.359375, 16.5, 16.640625, 16.78125, 16.921875, 17.0625, 17.203125, 17.34375, 17.484375, 17.625, 17.765625, 17.90625, 18.046875, 18.1875, 18.328125, 18.46875, 18.609375, 18.75, 18.890625, 19.03125, 19.171875, 19.3125, 19.453125, 19.59375, 19.734375, 19.875, 20.015625, 20.15625, 20.296875, 20.4375, 20.578125, 20.71875, 20.859375, 21.0]}, "k=5)": {"_type": "image-file", "sha256": "16b9f5304d162235739cb036b12604d7a3ed7ea430fb9de235b26f18ecc23c8d", "size": 134025, "path": "media/images/k=5)_37452_16b9f5304d162235739c.png", "format": "png", "width": 1070, "height": 817}, "k=10)": {"_type": "image-file", "sha256": "ec76b597627f93c3c8b15365a403da8564952a35fee3178dee8800e53ab296eb", "size": 141658, "path": "media/images/k=10)_37471_ec76b597627f93c3c8b1.png", "format": "png", "width": 1094, "height": 817}, "_wandb": {"runtime": 4105}}