{"loss_epoch0_task0": 0.00470507238060236, "_timestamp": 1699232249.4678571, "_runtime": 4694.404514074326, "_step": 18290, "reward_epoch0_task0": 0.00470507238060236, "pool_indices_epoch0_task0": {"_type": "histogram", "values": [1, 0, 0, 0, 0, 0, 0, 0, 0, 0, 0, 0, 0, 0, 0, 0, 0, 0, 0, 0, 0, 0, 0, 0, 0, 0, 0, 0, 0, 0, 0, 0, 0, 1, 0, 0, 0, 0, 0, 0, 0, 0, 0, 0, 1, 0, 0, 0, 0, 0, 0, 0, 0, 0, 0, 0, 0, 0, 0, 0, 0, 1, 0, 1], "bins": [2.0, 2.453125, 2.90625, 3.359375, 3.8125, 4.265625, 4.71875, 5.171875, 5.625, 6.078125, 6.53125, 6.984375, 7.4375, 7.890625, 8.34375, 8.796875, 9.25, 9.703125, 10.15625, 10.609375, 11.0625, 11.515625, 11.96875, 12.421875, 12.875, 13.328125, 13.78125, 14.234375, 14.6875, 15.140625, 15.59375, 16.046875, 16.5, 16.953125, 17.40625, 17.859375, 18.3125, 18.765625, 19.21875, 19.671875, 20.125, 20.578125, 21.03125, 21.484375, 21.9375, 22.390625, 22.84375, 23.296875, 23.75, 24.203125, 24.65625, 25.109375, 25.5625, 26.015625, 26.46875, 26.921875, 27.375, 27.828125, 28.28125, 28.734375, 29.1875, 29.640625, 30.09375, 30.546875, 31.0]}, "action_types_epoch0_task0": {"_type": "histogram", "values": [78, 0, 0, 0, 0, 0, 0, 0, 0, 0, 0, 0, 0, 0, 0, 0, 0, 0, 0, 0, 0, 11, 0, 0, 0, 0, 0, 0, 0, 0, 0, 0, 0, 0, 0, 0, 0, 0, 0, 0, 0, 0, 8, 0, 0, 0, 0, 0, 0, 0, 0, 0, 0, 0, 0, 0, 0, 0, 0, 0, 0, 0, 0, 108], "bins": [0.0, 0.046875, 0.09375, 0.140625, 0.1875, 0.234375, 0.28125, 0.328125, 0.375, 0.421875, 0.46875, 0.515625, 0.5625, 0.609375, 0.65625, 0.703125, 0.75, 0.796875, 0.84375, 0.890625, 0.9375, 0.984375, 1.03125, 1.078125, 1.125, 1.171875, 1.21875, 1.265625, 1.3125, 1.359375, 1.40625, 1.453125, 1.5, 1.546875, 1.59375, 1.640625, 1.6875, 1.734375, 1.78125, 1.828125, 1.875, 1.921875, 1.96875, 2.015625, 2.0625, 2.109375, 2.15625, 2.203125, 2.25, 2.296875, 2.34375, 2.390625, 2.4375, 2.484375, 2.53125, 2.578125, 2.625, 2.671875, 2.71875, 2.765625, 2.8125, 2.859375, 2.90625, 2.953125, 3.0]}, "sine_curve_epoch_0_task_0": {"_type": "image-file", "sha256": "dbe4396686837fa04748185b3bdec44aea54c39eddb6396d6cf63600d8ecf5b1", "size": 35191, "path": "media/images/sine_curve_epoch_0_task_0_15422_dbe4396686837fa04748.png", "format": "png", "width": 640, "height": 480}, "loss_epoch1_task0": 4.691536560130771e-06, "reward_epoch1_task0": 4.691536560130771e-06, "pool_indices_epoch1_task0": {"_type": "histogram", "values": [1, 0, 0, 0, 0, 0, 0, 0, 0, 0, 0, 0, 0, 0, 0, 0, 0, 0, 0, 0, 0, 0, 0, 0, 0, 0, 0, 1, 0, 0, 0, 0, 0, 1, 0, 0, 0, 0, 0, 0, 0, 0, 0, 0, 0, 0, 0, 0, 0, 0, 0, 0, 0, 0, 0, 0, 0, 0, 0, 0, 1, 0, 0, 1], "bins": [10.0, 10.328125, 10.65625, 10.984375, 11.3125, 11.640625, 11.96875, 12.296875, 12.625, 12.953125, 13.28125, 13.609375, 13.9375, 14.265625, 14.59375, 14.921875, 15.25, 15.578125, 15.90625, 16.234375, 16.5625, 16.890625, 17.21875, 17.546875, 17.875, 18.203125, 18.53125, 18.859375, 19.1875, 19.515625, 19.84375, 20.171875, 20.5, 20.828125, 21.15625, 21.484375, 21.8125, 22.140625, 22.46875, 22.796875, 23.125, 23.453125, 23.78125, 24.109375, 24.4375, 24.765625, 25.09375, 25.421875, 25.75, 26.078125, 26.40625, 26.734375, 27.0625, 27.390625, 27.71875, 28.046875, 28.375, 28.703125, 29.03125, 29.359375, 29.6875, 30.015625, 30.34375, 30.671875, 31.0]}, "action_types_epoch1_task0": {"_type": "histogram", "values": [83, 0, 0, 0, 0, 0, 0, 0, 0, 0, 0, 0, 0, 0, 0, 0, 0, 0, 0, 0, 0, 12, 0, 0, 0, 0, 0, 0, 0, 0, 0, 0, 0, 0, 0, 0, 0, 0, 0, 0, 0, 0, 9, 0, 0, 0, 0, 0, 0, 0, 0, 0, 0, 0, 0, 0, 0, 0, 0, 0, 0, 0, 0, 101], "bins": [0.0, 0.046875, 0.09375, 0.140625, 0.1875, 0.234375, 0.28125, 0.328125, 0.375, 0.421875, 0.46875, 0.515625, 0.5625, 0.609375, 0.65625, 0.703125, 0.75, 0.796875, 0.84375, 0.890625, 0.9375, 0.984375, 1.03125, 1.078125, 1.125, 1.171875, 1.21875, 1.265625, 1.3125, 1.359375, 1.40625, 1.453125, 1.5, 1.546875, 1.59375, 1.640625, 1.6875, 1.734375, 1.78125, 1.828125, 1.875, 1.921875, 1.96875, 2.015625, 2.0625, 2.109375, 2.15625, 2.203125, 2.25, 2.296875, 2.34375, 2.390625, 2.4375, 2.484375, 2.53125, 2.578125, 2.625, 2.671875, 2.71875, 2.765625, 2.8125, 2.859375, 2.90625, 2.953125, 3.0]}, "sine_curve_epoch_1_task_0": {"_type": "image-file", "sha256": "acd65b4e0de772075fa1a75cb483ee910f2d0d4826b23fc618d97b410798d657", "size": 35937, "path": "media/images/sine_curve_epoch_1_task_0_16223_acd65b4e0de772075fa1.png", "format": "png", "width": 640, "height": 480}, "loss_epoch2_task0": 0.0012166565284132957, "reward_epoch2_task0": -1, "pool_indices_epoch2_task0": {"_type": "histogram", "values": [1, 0, 0, 0, 0, 0, 0, 0, 0, 0, 0, 0, 0, 0, 0, 0, 0, 0, 0, 0, 0, 0, 0, 0, 0, 0, 0, 0, 0, 0, 0, 0, 0, 0, 0, 0, 0, 0, 0, 0, 0, 0, 0, 0, 0, 1, 0, 0, 0, 0, 0, 1, 0, 0, 0, 0, 0, 0, 0, 0, 1, 0, 0, 1], "bins": [10.0, 10.328125, 10.65625, 10.984375, 11.3125, 11.640625, 11.96875, 12.296875, 12.625, 12.953125, 13.28125, 13.609375, 13.9375, 14.265625, 14.59375, 14.921875, 15.25, 15.578125, 15.90625, 16.234375, 16.5625, 16.890625, 17.21875, 17.546875, 17.875, 18.203125, 18.53125, 18.859375, 19.1875, 19.515625, 19.84375, 20.171875, 20.5, 20.828125, 21.15625, 21.484375, 21.8125, 22.140625, 22.46875, 22.796875, 23.125, 23.453125, 23.78125, 24.109375, 24.4375, 24.765625, 25.09375, 25.421875, 25.75, 26.078125, 26.40625, 26.734375, 27.0625, 27.390625, 27.71875, 28.046875, 28.375, 28.703125, 29.03125, 29.359375, 29.6875, 30.015625, 30.34375, 30.671875, 31.0]}, "action_types_epoch2_task0": {"_type": "histogram", "values": [77, 0, 0, 0, 0, 0, 0, 0, 0, 0, 0, 0, 0, 0, 0, 0, 0, 0, 0, 0, 0, 9, 0, 0, 0, 0, 0, 0, 0, 0, 0, 0, 0, 0, 0, 0, 0, 0, 0, 0, 0, 0, 6, 0, 0, 0, 0, 0, 0, 0, 0, 0, 0, 0, 0, 0, 0, 0, 0, 0, 0, 0, 0, 113], "bins": [0.0, 0.046875, 0.09375, 0.140625, 0.1875, 0.234375, 0.28125, 0.328125, 0.375, 0.421875, 0.46875, 0.515625, 0.5625, 0.609375, 0.65625, 0.703125, 0.75, 0.796875, 0.84375, 0.890625, 0.9375, 0.984375, 1.03125, 1.078125, 1.125, 1.171875, 1.21875, 1.265625, 1.3125, 1.359375, 1.40625, 1.453125, 1.5, 1.546875, 1.59375, 1.640625, 1.6875, 1.734375, 1.78125, 1.828125, 1.875, 1.921875, 1.96875, 2.015625, 2.0625, 2.109375, 2.15625, 2.203125, 2.25, 2.296875, 2.34375, 2.390625, 2.4375, 2.484375, 2.53125, 2.578125, 2.625, 2.671875, 2.71875, 2.765625, 2.8125, 2.859375, 2.90625, 2.953125, 3.0]}, "sine_curve_epoch_2_task_0": {"_type": "image-file", "sha256": "192a05416c023e5f7021fdea106140769f1772e31905af38433e0ea48ca7ed95", "size": 32664, "path": "media/images/sine_curve_epoch_2_task_0_17024_192a05416c023e5f7021.png", "format": "png", "width": 640, "height": 480}, "loss_epoch3_task0": 0.013318353332579136, "reward_epoch3_task0": 0.013318353332579136, "pool_indices_epoch3_task0": {"_type": "histogram", "values": [1, 0, 0, 0, 0, 0, 0, 0, 0, 0, 0, 0, 0, 1, 0, 0, 0, 0, 1, 0, 0, 0, 0, 0, 0, 0, 0, 0, 0, 0, 0, 0, 0, 0, 0, 0, 0, 0, 0, 0, 0, 0, 0, 0, 0, 0, 0, 0, 0, 0, 0, 0, 0, 0, 0, 0, 0, 0, 0, 0, 0, 1, 0, 1], "bins": [7.0, 7.375, 7.75, 8.125, 8.5, 8.875, 9.25, 9.625, 10.0, 10.375, 10.75, 11.125, 11.5, 11.875, 12.25, 12.625, 13.0, 13.375, 13.75, 14.125, 14.5, 14.875, 15.25, 15.625, 16.0, 16.375, 16.75, 17.125, 17.5, 17.875, 18.25, 18.625, 19.0, 19.375, 19.75, 20.125, 20.5, 20.875, 21.25, 21.625, 22.0, 22.375, 22.75, 23.125, 23.5, 23.875, 24.25, 24.625, 25.0, 25.375, 25.75, 26.125, 26.5, 26.875, 27.25, 27.625, 28.0, 28.375, 28.75, 29.125, 29.5, 29.875, 30.25, 30.625, 31.0]}, "action_types_epoch3_task0": {"_type": "histogram", "values": [109, 0, 0, 0, 0, 0, 0, 0, 0, 0, 0, 0, 0, 0, 0, 0, 0, 0, 0, 0, 0, 5, 0, 0, 0, 0, 0, 0, 0, 0, 0, 0, 0, 0, 0, 0, 0, 0, 0, 0, 0, 0, 2, 0, 0, 0, 0, 0, 0, 0, 0, 0, 0, 0, 0, 0, 0, 0, 0, 0, 0, 0, 0, 89],