{"loss_epoch0_task0": 0.004803321789950132, "_timestamp": 1699227890.4027064, "_runtime": 335.3393633365631, "_step": 3795, "reward_epoch0_task0": 0.004803321789950132, "pool_indices_epoch0_task0": {"_type": "histogram", "values": [1, 0, 0, 0, 0, 0, 0, 0, 0, 0, 0, 0, 0, 0, 0, 0, 0, 0, 0, 0, 0, 0, 0, 0, 0, 0, 0, 0, 0, 0, 0, 0, 0, 0, 0, 0, 0, 0, 0, 0, 0, 1, 0, 0, 0, 0, 0, 0, 0, 0, 0, 0, 0, 0, 0, 0, 0, 1, 0, 0, 1, 0, 0, 1], "bins": [11.0, 11.3125, 11.625, 11.9375, 12.25, 12.5625, 12.875, 13.1875, 13.5, 13.8125, 14.125, 14.4375, 14.75, 15.0625, 15.375, 15.6875, 16.0, 16.3125, 16.625, 16.9375, 17.25, 17.5625, 17.875, 18.1875, 18.5, 18.8125, 19.125, 19.4375, 19.75, 20.0625, 20.375, 20.6875, 21.0, 21.3125, 21.625, 21.9375, 22.25, 22.5625, 22.875, 23.1875, 23.5, 23.8125, 24.125, 24.4375, 24.75, 25.0625, 25.375, 25.6875, 26.0, 26.3125, 26.625, 26.9375, 27.25, 27.5625, 27.875, 28.1875, 28.5, 28.8125, 29.125, 29.4375, 29.75, 30.0625, 30.375, 30.6875, 31.0]}, "action_types_epoch0_task0": {"_type": "histogram", "values": [110, 0, 0, 0, 0, 0, 0, 0, 0, 0, 0, 0, 0, 0, 0, 0, 0, 0, 0, 0, 0, 12, 0, 0, 0, 0, 0, 0, 0, 0, 0, 0, 0, 0, 0, 0, 0, 0, 0, 0, 0, 0, 9, 0, 0, 0, 0, 0, 0, 0, 0, 0, 0, 0, 0, 0, 0, 0, 0, 0, 0, 0, 0, 74], "bins": [0.0, 0.046875, 0.09375, 0.140625, 0.1875, 0.234375, 0.28125, 0.328125, 0.375, 0.421875, 0.46875, 0.515625, 0.5625, 0.609375, 0.65625, 0.703125, 0.75, 0.796875, 0.84375, 0.890625, 0.9375, 0.984375, 1.03125, 1.078125, 1.125, 1.171875, 1.21875, 1.265625, 1.3125, 1.359375, 1.40625, 1.453125, 1.5, 1.546875, 1.59375, 1.640625, 1.6875, 1.734375, 1.78125, 1.828125, 1.875, 1.921875, 1.96875, 2.015625, 2.0625, 2.109375, 2.15625, 2.203125, 2.25, 2.296875, 2.34375, 2.390625, 2.4375, 2.484375, 2.53125, 2.578125, 2.625, 2.671875, 2.71875, 2.765625, 2.8125, 2.859375, 2.90625, 2.953125, 3.0]}, "sine_curve_epoch_0_task_0": {"_type": "image-file", "sha256": "d49f86c46c46c680cba1ed4a49de81e7152b61c329b1dd18faedb29122dac702", "size": 33692, "path": "media/images/sine_curve_epoch_0_task_0_800_d49f86c46c46c680cba1.png", "format": "png", "width": 640, "height": 480}, "loss_epoch1_task0": 0.013521403074264526, "reward_epoch1_task0": 0.013521403074264526, "pool_indices_epoch1_task0": {"_type": "histogram", "values": [1, 0, 0, 0, 0, 0, 0, 0, 0, 0, 0, 0, 0, 0, 0, 0, 0, 0, 1, 0, 0, 0, 0, 0, 0, 0, 0, 0, 0, 0, 0, 0, 0, 0, 0, 0, 0, 0, 0, 0, 0, 0, 0, 0, 0, 0, 0, 0, 0, 0, 0, 1, 0, 0, 0, 0, 0, 0, 0, 0, 0, 1, 0, 1], "bins": [0.0, 0.484375, 0.96875, 1.453125, 1.9375, 2.421875, 2.90625, 3.390625, 3.875, 4.359375, 4.84375, 5.328125, 5.8125, 6.296875, 6.78125, 7.265625, 7.75, 8.234375, 8.71875, 9.203125, 9.6875, 10.171875, 10.65625, 11.140625, 11.625, 12.109375, 12.59375, 13.078125, 13.5625, 14.046875, 14.53125, 15.015625, 15.5, 15.984375, 16.46875, 16.953125, 17.4375, 17.921875, 18.40625, 18.890625, 19.375, 19.859375, 20.34375, 20.828125, 21.3125, 21.796875, 22.28125, 22.765625, 23.25, 23.734375, 24.21875, 24.703125, 25.1875, 25.671875, 26.15625, 26.640625, 27.125, 27.609375, 28.09375, 28.578125, 29.0625, 29.546875, 30.03125, 30.515625, 31.0]}, "action_types_epoch1_task0": {"_type": "histogram", "values": [77, 0, 0, 0, 0, 0, 0, 0, 0, 0, 0, 0, 0, 0, 0, 0, 0, 0, 0, 0, 0, 8, 0, 0, 0, 0, 0, 0, 0, 0, 0, 0, 0, 0, 0, 0, 0, 0, 0, 0, 0, 0, 5, 0, 0, 0, 0, 0, 0, 0, 0, 0, 0, 0, 0, 0, 0, 0, 0, 0, 0, 0, 0, 115], "bins": [0.0, 0.046875, 0.09375, 0.140625, 0.1875, 0.234375, 0.28125, 0.328125, 0.375, 0.421875, 0.46875, 0.515625, 0.5625, 0.609375, 0.65625, 0.703125, 0.75, 0.796875, 0.84375, 0.890625, 0.9375, 0.984375, 1.03125, 1.078125, 1.125, 1.171875, 1.21875, 1.265625, 1.3125, 1.359375, 1.40625, 1.453125, 1.5, 1.546875, 1.59375, 1.640625, 1.6875, 1.734375, 1.78125, 1.828125, 1.875, 1.921875, 1.96875, 2.015625, 2.0625, 2.109375, 2.15625, 2.203125, 2.25, 2.296875, 2.34375, 2.390625, 2.4375, 2.484375, 2.53125, 2.578125, 2.625, 2.671875, 2.71875, 2.765625, 2.8125, 2.859375, 2.90625, 2.953125, 3.0]}, "sine_curve_epoch_1_task_0": {"_type": "image-file", "sha256": "aa9ead7bc0e6a355ec79ba73a37a58cc51af57b611a315d79a4d5fd2d5e74d0f", "size": 32574, "path": "media/images/sine_curve_epoch_1_task_0_1601_aa9ead7bc0e6a355ec79.png", "format": "png", "width": 640, "height": 480}, "loss_epoch2_task0": 0.015546799637377262, "reward_epoch2_task0": -1, "pool_indices_epoch2_task0": {"_type": "histogram", "values": [1, 0, 0, 0, 0, 0, 0, 0, 0, 0, 0, 0, 0, 0, 0, 0, 0, 0, 0, 0, 0, 0, 0, 0, 0, 0, 0, 0, 0, 1, 0, 0, 0, 0, 0, 0, 0, 0, 0, 0, 0, 0, 0, 0, 0, 0, 0, 0, 0, 0, 0, 0, 0, 0, 0, 0, 0, 0, 1, 0, 0, 1, 0, 1], "bins": [9.0, 9.34375, 9.6875, 10.03125, 10.375, 10.71875, 11.0625, 11.40625, 11.75, 12.09375, 12.4375, 12.78125, 13.125, 13.46875, 13.8125, 14.15625, 14.5, 14.84375, 15.1875, 15.53125, 15.875, 16.21875, 16.5625, 16.90625, 17.25, 17.59375, 17.9375, 18.28125, 18.625, 18.96875, 19.3125, 19.65625, 20.0, 20.34375, 20.6875, 21.03125, 21.375, 21.71875, 22.0625, 22.40625, 22.75, 23.09375, 23.4375, 23.78125, 24.125, 24.46875, 24.8125, 25.15625, 25.5, 25.84375, 26.1875, 26.53125, 26.875, 27.21875, 27.5625, 27.90625, 28.25, 28.59375, 28.9375, 29.28125, 29.625, 29.96875, 30.3125, 30.65625, 31.0]}, "action_types_epoch2_task0": {"_type": "histogram", "values": [75, 0, 0, 0, 0, 0, 0, 0, 0, 0, 0, 0, 0, 0, 0, 0, 0, 0, 0, 0, 0, 10, 0, 0, 0, 0, 0, 0, 0, 0, 0, 0, 0, 0, 0, 0, 0, 0, 0, 0, 0, 0, 7, 0, 0, 0, 0, 0, 0, 0, 0, 0, 0, 0, 0, 0, 0, 0, 0, 0, 0, 0, 0, 113], "bins": [0.0, 0.046875, 0.09375, 0.140625, 0.1875, 0.234375, 0.28125, 0.328125, 0.375, 0.421875, 0.46875, 0.515625, 0.5625, 0.609375, 0.65625, 0.703125, 0.75, 0.796875, 0.84375, 0.890625, 0.9375, 0.984375, 1.03125, 1.078125, 1.125, 1.171875, 1.21875, 1.265625, 1.3125, 1.359375, 1.40625, 1.453125, 1.5, 1.546875, 1.59375, 1.640625, 1.6875, 1.734375, 1.78125, 1.828125, 1.875, 1.921875, 1.96875, 2.015625, 2.0625, 2.109375, 2.15625, 2.203125, 2.25, 2.296875, 2.34375, 2.390625, 2.4375, 2.484375, 2.53125, 2.578125, 2.625, 2.671875, 2.71875, 2.765625, 2.8125, 2.859375, 2.90625, 2.953125, 3.0]}, "sine_curve_epoch_2_task_0": {"_type": "image-file", "sha256": "02e54f1b95b7a62f91309b79eeda96f458cf22ea8ad1969e3706bc0e4480c26b", "size": 34401, "path": "media/images/sine_curve_epoch_2_task_0_2402_02e54f1b95b7a62f9130.png", "format": "png", "width": 640, "height": 480}, "loss_epoch3_task0": 0.0050666434690356255, "reward_epoch3_task0": -1, "pool_indices_epoch3_task0": {"_type": "histogram", "values": [1, 0, 0, 0, 0, 0, 0, 0, 0, 0, 0, 0, 0, 0, 0, 0, 0, 0, 1, 0, 0, 0, 0, 0, 0, 0, 0, 0, 0, 0, 0, 0, 0, 1, 0, 0, 0, 0, 0, 0, 0, 0, 0, 0, 0, 0, 0, 0, 0, 0, 0, 0, 0, 0, 0, 0, 0, 0, 0, 0, 1, 0, 0, 1], "bins": [10.0, 10.328125, 10.65625, 10.984375, 11.3125, 11.640625, 11.96875, 12.296875, 12.625, 12.953125, 13.28125, 13.609375, 13.9375, 14.265625, 14.59375, 14.921875, 15.25, 15.578125, 15.90625, 16.234375, 16.5625, 16.890625, 17.21875, 17.546875, 17.875, 18.203125, 18.53125, 18.859375, 19.1875, 19.515625, 19.84375, 20.171875, 20.5, 20.828125, 21.15625, 21.484375, 21.8125, 22.140625, 22.46875, 22.796875, 23.125, 23.453125, 23.78125, 24.109375, 24.4375, 24.765625, 25.09375, 25.421875, 25.75, 26.078125, 26.40625, 26.734375, 27.0625, 27.390625, 27.71875, 28.046875, 28.375, 28.703125, 29.03125, 29.359375, 29.6875, 30.015625, 30.34375, 30.671875, 31.0]}, "action_types_epoch3_task0": {"_type": "histogram", "values": [80, 0, 0, 0, 0, 0, 0, 0, 0, 0, 0, 0, 0, 0, 0, 0, 0, 0, 0, 0, 0, 6, 0, 0, 0, 0, 0, 0, 0, 0, 0, 0, 0, 0, 0, 0, 0, 0, 0, 0, 0, 0, 3, 0, 0, 0, 0, 0, 0, 0, 0, 0, 0, 0, 0, 0, 0, 0, 0, 0, 0, 0, 0, 116],