{"loss_epoch0_task0": 1.356059442514379e-06, "_timestamp": 1699229170.1390421, "_runtime": 1615.0756990909576, "_step": 7800, "reward_epoch0_task0": -1, "pool_indices_epoch0_task0": {"_type": "histogram", "values": [1, 0, 0, 0, 0, 0, 0, 0, 0, 0, 0, 0, 0, 0, 0, 0, 0, 0, 0, 0, 0, 0, 0, 0, 1, 0, 0, 0, 0, 0, 0, 0, 0, 0, 0, 0, 0, 0, 0, 0, 0, 0, 0, 0, 0, 0, 0, 0, 0, 0, 0, 0, 0, 0, 0, 0, 0, 0, 0, 0, 1, 0, 0, 1], "bins": [10.0, 10.328125, 10.65625, 10.984375, 11.3125, 11.640625, 11.96875, 12.296875, 12.625, 12.953125, 13.28125, 13.609375, 13.9375, 14.265625, 14.59375, 14.921875, 15.25, 15.578125, 15.90625, 16.234375, 16.5625, 16.890625, 17.21875, 17.546875, 17.875, 18.203125, 18.53125, 18.859375, 19.1875, 19.515625, 19.84375, 20.171875, 20.5, 20.828125, 21.15625, 21.484375, 21.8125, 22.140625, 22.46875, 22.796875, 23.125, 23.453125, 23.78125, 24.109375, 24.4375, 24.765625, 25.09375, 25.421875, 25.75, 26.078125, 26.40625, 26.734375, 27.0625, 27.390625, 27.71875, 28.046875, 28.375, 28.703125, 29.03125, 29.359375, 29.6875, 30.015625, 30.34375, 30.671875, 31.0]}, "action_types_epoch0_task0": {"_type": "histogram", "values": [91, 0, 0, 0, 0, 0, 0, 0, 0, 0, 0, 0, 0, 0, 0, 0, 0, 0, 0, 0, 0, 5, 0, 0, 0, 0, 0, 0, 0, 0, 0, 0, 0, 0, 0, 0, 0, 0, 0, 0, 0, 0, 3, 0, 0, 0, 0, 0, 0, 0, 0, 0, 0, 0, 0, 0, 0, 0, 0, 0, 0, 0, 0, 106], "bins": [0.0, 0.046875, 0.09375, 0.140625, 0.1875, 0.234375, 0.28125, 0.328125, 0.375, 0.421875, 0.46875, 0.515625, 0.5625, 0.609375, 0.65625, 0.703125, 0.75, 0.796875, 0.84375, 0.890625, 0.9375, 0.984375, 1.03125, 1.078125, 1.125, 1.171875, 1.21875, 1.265625, 1.3125, 1.359375, 1.40625, 1.453125, 1.5, 1.546875, 1.59375, 1.640625, 1.6875, 1.734375, 1.78125, 1.828125, 1.875, 1.921875, 1.96875, 2.015625, 2.0625, 2.109375, 2.15625, 2.203125, 2.25, 2.296875, 2.34375, 2.390625, 2.4375, 2.484375, 2.53125, 2.578125, 2.625, 2.671875, 2.71875, 2.765625, 2.8125, 2.859375, 2.90625, 2.953125, 3.0]}, "sine_curve_epoch_0_task_0": {"_type": "image-file", "sha256": "29951f086f34eb432514880cc4b41931c8dbdfe9b1b78c4f166a4afe0b83abfd", "size": 30346, "path": "media/images/sine_curve_epoch_0_task_0_4596_29951f086f34eb432514.png", "format": "png", "width": 640, "height": 480}, "loss_epoch1_task0": 0.024915004149079323, "reward_epoch1_task0": 0.024915004149079323, "pool_indices_epoch1_task0": {"_type": "histogram", "values": [1, 0, 0, 0, 0, 0, 0, 0, 1, 0, 0, 0, 0, 0, 0, 0, 0, 0, 0, 0, 0, 0, 0, 0, 0, 0, 0, 0, 0, 0, 0, 0, 0, 0, 0, 0, 0, 0, 0, 0, 0, 0, 0, 0, 0, 0, 0, 0, 0, 0, 0, 0, 0, 0, 0, 0, 0, 0, 0, 0, 0, 1, 0, 1], "bins": [1.0, 1.46875, 1.9375, 2.40625, 2.875, 3.34375, 3.8125, 4.28125, 4.75, 5.21875, 5.6875, 6.15625, 6.625, 7.09375, 7.5625, 8.03125, 8.5, 8.96875, 9.4375, 9.90625, 10.375, 10.84375, 11.3125, 11.78125, 12.25, 12.71875, 13.1875, 13.65625, 14.125, 14.59375, 15.0625, 15.53125, 16.0, 16.46875, 16.9375, 17.40625, 17.875, 18.34375, 18.8125, 19.28125, 19.75, 20.21875, 20.6875, 21.15625, 21.625, 22.09375, 22.5625, 23.03125, 23.5, 23.96875, 24.4375, 24.90625, 25.375, 25.84375, 26.3125, 26.78125, 27.25, 27.71875, 28.1875, 28.65625, 29.125, 29.59375, 30.0625, 30.53125, 31.0]}, "action_types_epoch1_task0": {"_type": "histogram", "values": [92, 0, 0, 0, 0, 0, 0, 0, 0, 0, 0, 0, 0, 0, 0, 0, 0, 0, 0, 0, 0, 10, 0, 0, 0, 0, 0, 0, 0, 0, 0, 0, 0, 0, 0, 0, 0, 0, 0, 0, 0, 0, 8, 0, 0, 0, 0, 0, 0, 0, 0, 0, 0, 0, 0, 0, 0, 0, 0, 0, 0, 0, 0, 95], "bins": [0.0, 0.046875, 0.09375, 0.140625, 0.1875, 0.234375, 0.28125, 0.328125, 0.375, 0.421875, 0.46875, 0.515625, 0.5625, 0.609375, 0.65625, 0.703125, 0.75, 0.796875, 0.84375, 0.890625, 0.9375, 0.984375, 1.03125, 1.078125, 1.125, 1.171875, 1.21875, 1.265625, 1.3125, 1.359375, 1.40625, 1.453125, 1.5, 1.546875, 1.59375, 1.640625, 1.6875, 1.734375, 1.78125, 1.828125, 1.875, 1.921875, 1.96875, 2.015625, 2.0625, 2.109375, 2.15625, 2.203125, 2.25, 2.296875, 2.34375, 2.390625, 2.4375, 2.484375, 2.53125, 2.578125, 2.625, 2.671875, 2.71875, 2.765625, 2.8125, 2.859375, 2.90625, 2.953125, 3.0]}, "sine_curve_epoch_1_task_0": {"_type": "image-file", "sha256": "c2097b15d86e65a6aea60009701826cbc57b6f56d0770fa66a37ad8b8b316289", "size": 26648, "path": "media/images/sine_curve_epoch_1_task_0_5397_c2097b15d86e65a6aea6.png", "format": "png", "width": 640, "height": 480}, "loss_epoch2_task0": 8.240136958193034e-05, "reward_epoch2_task0": 8.240136958193034e-05, "pool_indices_epoch2_task0": {"_type": "histogram", "values": [1, 0, 0, 0, 0, 0, 0, 0, 0, 0, 0, 0, 0, 0, 0, 0, 0, 0, 0, 0, 0, 0, 0, 0, 0, 0, 0, 0, 0, 0, 0, 0, 0, 0, 0, 0, 0, 0, 0, 0, 0, 1, 0, 0, 0, 0, 1, 0, 0, 0, 0, 0, 0, 0, 0, 0, 0, 0, 0, 0, 0, 1, 0, 1], "bins": [2.0, 2.453125, 2.90625, 3.359375, 3.8125, 4.265625, 4.71875, 5.171875, 5.625, 6.078125, 6.53125, 6.984375, 7.4375, 7.890625, 8.34375, 8.796875, 9.25, 9.703125, 10.15625, 10.609375, 11.0625, 11.515625, 11.96875, 12.421875, 12.875, 13.328125, 13.78125, 14.234375, 14.6875, 15.140625, 15.59375, 16.046875, 16.5, 16.953125, 17.40625, 17.859375, 18.3125, 18.765625, 19.21875, 19.671875, 20.125, 20.578125, 21.03125, 21.484375, 21.9375, 22.390625, 22.84375, 23.296875, 23.75, 24.203125, 24.65625, 25.109375, 25.5625, 26.015625, 26.46875, 26.921875, 27.375, 27.828125, 28.28125, 28.734375, 29.1875, 29.640625, 30.09375, 30.546875, 31.0]}, "action_types_epoch2_task0": {"_type": "histogram", "values": [120, 0, 0, 0, 0, 0, 0, 0, 0, 0, 0, 0, 0, 0, 0, 0, 0, 0, 0, 0, 0, 5, 0, 0, 0, 0, 0, 0, 0, 0, 0, 0, 0, 0, 0, 0, 0, 0, 0, 0, 0, 0, 2, 0, 0, 0, 0, 0, 0, 0, 0, 0, 0, 0, 0, 0, 0, 0, 0, 0, 0, 0, 0, 78], "bins": [0.0, 0.046875, 0.09375, 0.140625, 0.1875, 0.234375, 0.28125, 0.328125, 0.375, 0.421875, 0.46875, 0.515625, 0.5625, 0.609375, 0.65625, 0.703125, 0.75, 0.796875, 0.84375, 0.890625, 0.9375, 0.984375, 1.03125, 1.078125, 1.125, 1.171875, 1.21875, 1.265625, 1.3125, 1.359375, 1.40625, 1.453125, 1.5, 1.546875, 1.59375, 1.640625, 1.6875, 1.734375, 1.78125, 1.828125, 1.875, 1.921875, 1.96875, 2.015625, 2.0625, 2.109375, 2.15625, 2.203125, 2.25, 2.296875, 2.34375, 2.390625, 2.4375, 2.484375, 2.53125, 2.578125, 2.625, 2.671875, 2.71875, 2.765625, 2.8125, 2.859375, 2.90625, 2.953125, 3.0]}, "sine_curve_epoch_2_task_0": {"_type": "image-file", "sha256": "60d9c1b0f5be0b24f24973f73b3542e9c40b48e8677ff3e28b2698bd5daf4a1b", "size": 37028, "path": "media/images/sine_curve_epoch_2_task_0_6198_60d9c1b0f5be0b24f249.png", "format": "png", "width": 640, "height": 480}, "loss_epoch3_task0": 0.0001722261804388836, "reward_epoch3_task0": 0.0001722261804388836, "pool_indices_epoch3_task0": {"_type": "histogram", "values": [1, 0, 0, 0, 0, 0, 0, 0, 0, 0, 0, 0, 0, 0, 0, 0, 0, 0, 0, 1, 0, 0, 0, 0, 0, 0, 0, 0, 0, 0, 0, 0, 0, 0, 0, 0, 0, 0, 0, 0, 0, 0, 0, 0, 0, 0, 0, 0, 0, 0, 1, 0, 0, 0, 0, 0, 0, 0, 0, 0, 0, 1, 0, 1], "bins": [8.0, 8.359375, 8.71875, 9.078125, 9.4375, 9.796875, 10.15625, 10.515625, 10.875, 11.234375, 11.59375, 11.953125, 12.3125, 12.671875, 13.03125, 13.390625, 13.75, 14.109375, 14.46875, 14.828125, 15.1875, 15.546875, 15.90625, 16.265625, 16.625, 16.984375, 17.34375, 17.703125, 18.0625, 18.421875, 18.78125, 19.140625, 19.5, 19.859375, 20.21875, 20.578125, 20.9375, 21.296875, 21.65625, 22.015625, 22.375, 22.734375, 23.09375, 23.453125, 23.8125, 24.171875, 24.53125, 24.890625, 25.25, 25.609375, 25.96875, 26.328125, 26.6875, 27.046875, 27.40625, 27.765625, 28.125, 28.484375, 28.84375, 29.203125, 29.5625, 29.921875, 30.28125, 30.640625, 31.0]}, "action_types_epoch3_task0": {"_type": "histogram", "values": [86, 0, 0, 0, 0, 0, 0, 0, 0, 0, 0, 0, 0, 0, 0, 0, 0, 0, 0, 0, 0, 6, 0, 0, 0, 0, 0, 0, 0, 0, 0, 0, 0, 0, 0, 0, 0, 0, 0, 0, 0, 0, 3, 0, 0, 0, 0, 0, 0, 0, 0, 0, 0, 0, 0, 0, 0, 0, 0, 0, 0, 0, 0, 110],