{"loss_epoch0_task0": 0.03902775049209595, "_timestamp": 1699234443.3753695, "_runtime": 6888.312026500702, "_step": 22295, "reward_epoch0_task0": 0.03902775049209595, "pool_indices_epoch0_task0": {"_type": "histogram", "values": [1, 0, 1, 0, 0, 0, 0, 0, 0, 0, 0, 0, 0, 0, 0, 0, 0, 0, 0, 0, 0, 0, 0, 0, 0, 0, 1, 0, 0, 0, 0, 0, 0, 0, 0, 0, 0, 0, 0, 0, 0, 0, 0, 0, 0, 0, 0, 0, 0, 0, 0, 0, 0, 0, 0, 0, 0, 0, 0, 0, 0, 1, 0, 1], "bins": [9.0, 9.34375, 9.6875, 10.03125, 10.375, 10.71875, 11.0625, 11.40625, 11.75, 12.09375, 12.4375, 12.78125, 13.125, 13.46875, 13.8125, 14.15625, 14.5, 14.84375, 15.1875, 15.53125, 15.875, 16.21875, 16.5625, 16.90625, 17.25, 17.59375, 17.9375, 18.28125, 18.625, 18.96875, 19.3125, 19.65625, 20.0, 20.34375, 20.6875, 21.03125, 21.375, 21.71875, 22.0625, 22.40625, 22.75, 23.09375, 23.4375, 23.78125, 24.125, 24.46875, 24.8125, 25.15625, 25.5, 25.84375, 26.1875, 26.53125, 26.875, 27.21875, 27.5625, 27.90625, 28.25, 28.59375, 28.9375, 29.28125, 29.625, 29.96875, 30.3125, 30.65625, 31.0]}, "action_types_epoch0_task0": {"_type": "histogram", "values": [95, 0, 0, 0, 0, 0, 0, 0, 0, 0, 0, 0, 0, 0, 0, 0, 0, 0, 0, 0, 0, 12, 0, 0, 0, 0, 0, 0, 0, 0, 0, 0, 0, 0, 0, 0, 0, 0, 0, 0, 0, 0, 9, 0, 0, 0, 0, 0, 0, 0, 0, 0, 0, 0, 0, 0, 0, 0, 0, 0, 0, 0, 0, 89], "bins": [0.0, 0.046875, 0.09375, 0.140625, 0.1875, 0.234375, 0.28125, 0.328125, 0.375, 0.421875, 0.46875, 0.515625, 0.5625, 0.609375, 0.65625, 0.703125, 0.75, 0.796875, 0.84375, 0.890625, 0.9375, 0.984375, 1.03125, 1.078125, 1.125, 1.171875, 1.21875, 1.265625, 1.3125, 1.359375, 1.40625, 1.453125, 1.5, 1.546875, 1.59375, 1.640625, 1.6875, 1.734375, 1.78125, 1.828125, 1.875, 1.921875, 1.96875, 2.015625, 2.0625, 2.109375, 2.15625, 2.203125, 2.25, 2.296875, 2.34375, 2.390625, 2.4375, 2.484375, 2.53125, 2.578125, 2.625, 2.671875, 2.71875, 2.765625, 2.8125, 2.859375, 2.90625, 2.953125, 3.0]}, "sine_curve_epoch_0_task_0": {"_type": "image-file", "sha256": "99eebebed8c7cf6cada4ab215924ec60f36fffcfee699f733d35211c0685f396", "size": 32753, "path": "media/images/sine_curve_epoch_0_task_0_19090_99eebebed8c7cf6cada4.png", "format": "png", "width": 640, "height": 480}, "loss_epoch1_task0": 0.017084186896681786, "reward_epoch1_task0": -1, "pool_indices_epoch1_task0": {"_type": "histogram", "values": [1, 0, 0, 0, 0, 0, 0, 0, 0, 0, 0, 0, 0, 0, 0, 0, 0, 0, 0, 0, 0, 0, 0, 0, 0, 0, 0, 0, 0, 0, 0, 0, 0, 0, 0, 0, 0, 0, 0, 0, 0, 0, 0, 0, 0, 0, 0, 0, 1, 0, 0, 0, 0, 0, 0, 0, 1, 0, 0, 0, 0, 1, 0, 1], "bins": [6.0, 6.390625, 6.78125, 7.171875, 7.5625, 7.953125, 8.34375, 8.734375, 9.125, 9.515625, 9.90625, 10.296875, 10.6875, 11.078125, 11.46875, 11.859375, 12.25, 12.640625, 13.03125, 13.421875, 13.8125, 14.203125, 14.59375, 14.984375, 15.375, 15.765625, 16.15625, 16.546875, 16.9375, 17.328125, 17.71875, 18.109375, 18.5, 18.890625, 19.28125, 19.671875, 20.0625, 20.453125, 20.84375, 21.234375, 21.625, 22.015625, 22.40625, 22.796875, 23.1875, 23.578125, 23.96875, 24.359375, 24.75, 25.140625, 25.53125, 25.921875, 26.3125, 26.703125, 27.09375, 27.484375, 27.875, 28.265625, 28.65625, 29.046875, 29.4375, 29.828125, 30.21875, 30.609375, 31.0]}, "action_types_epoch1_task0": {"_type": "histogram", "values": [64, 0, 0, 0, 0, 0, 0, 0, 0, 0, 0, 0, 0, 0, 0, 0, 0, 0, 0, 0, 0, 9, 0, 0, 0, 0, 0, 0, 0, 0, 0, 0, 0, 0, 0, 0, 0, 0, 0, 0, 0, 0, 6, 0, 0, 0, 0, 0, 0, 0, 0, 0, 0, 0, 0, 0, 0, 0, 0, 0, 0, 0, 0, 126], "bins": [0.0, 0.046875, 0.09375, 0.140625, 0.1875, 0.234375, 0.28125, 0.328125, 0.375, 0.421875, 0.46875, 0.515625, 0.5625, 0.609375, 0.65625, 0.703125, 0.75, 0.796875, 0.84375, 0.890625, 0.9375, 0.984375, 1.03125, 1.078125, 1.125, 1.171875, 1.21875, 1.265625, 1.3125, 1.359375, 1.40625, 1.453125, 1.5, 1.546875, 1.59375, 1.640625, 1.6875, 1.734375, 1.78125, 1.828125, 1.875, 1.921875, 1.96875, 2.015625, 2.0625, 2.109375, 2.15625, 2.203125, 2.25, 2.296875, 2.34375, 2.390625, 2.4375, 2.484375, 2.53125, 2.578125, 2.625, 2.671875, 2.71875, 2.765625, 2.8125, 2.859375, 2.90625, 2.953125, 3.0]}, "sine_curve_epoch_1_task_0": {"_type": "image-file", "sha256": "a0a151ad5f4851e20cf770a0ec71f3f74b93f34129794eba7ebbfa605d926df8", "size": 34477, "path": "media/images/sine_curve_epoch_1_task_0_19891_a0a151ad5f4851e20cf7.png", "format": "png", "width": 640, "height": 480}, "loss_epoch2_task0": 0.028253281489014626, "reward_epoch2_task0": 0.028253281489014626, "pool_indices_epoch2_task0": {"_type": "histogram", "values": [1, 0, 0, 0, 0, 0, 0, 0, 0, 0, 0, 0, 0, 1, 0, 0, 0, 0, 0, 0, 0, 0, 0, 0, 0, 0, 0, 0, 0, 0, 0, 0, 0, 0, 0, 0, 0, 0, 0, 0, 0, 0, 0, 0, 0, 0, 0, 0, 1, 0, 0, 0, 0, 0, 0, 0, 0, 0, 0, 0, 0, 1, 0, 1], "bins": [3.0, 3.4375, 3.875, 4.3125, 4.75, 5.1875, 5.625, 6.0625, 6.5, 6.9375, 7.375, 7.8125, 8.25, 8.6875, 9.125, 9.5625, 10.0, 10.4375, 10.875, 11.3125, 11.75, 12.1875, 12.625, 13.0625, 13.5, 13.9375, 14.375, 14.8125, 15.25, 15.6875, 16.125, 16.5625, 17.0, 17.4375, 17.875, 18.3125, 18.75, 19.1875, 19.625, 20.0625, 20.5, 20.9375, 21.375, 21.8125, 22.25, 22.6875, 23.125, 23.5625, 24.0, 24.4375, 24.875, 25.3125, 25.75, 26.1875, 26.625, 27.0625, 27.5, 27.9375, 28.375, 28.8125, 29.25, 29.6875, 30.125, 30.5625, 31.0]}, "action_types_epoch2_task0": {"_type": "histogram", "values": [118, 0, 0, 0, 0, 0, 0, 0, 0, 0, 0, 0, 0, 0, 0, 0, 0, 0, 0, 0, 0, 7, 0, 0, 0, 0, 0, 0, 0, 0, 0, 0, 0, 0, 0, 0, 0, 0, 0, 0, 0, 0, 4, 0, 0, 0, 0, 0, 0, 0, 0, 0, 0, 0, 0, 0, 0, 0, 0, 0, 0, 0, 0, 76], "bins": [0.0, 0.046875, 0.09375, 0.140625, 0.1875, 0.234375, 0.28125, 0.328125, 0.375, 0.421875, 0.46875, 0.515625, 0.5625, 0.609375, 0.65625, 0.703125, 0.75, 0.796875, 0.84375, 0.890625, 0.9375, 0.984375, 1.03125, 1.078125, 1.125, 1.171875, 1.21875, 1.265625, 1.3125, 1.359375, 1.40625, 1.453125, 1.5, 1.546875, 1.59375, 1.640625, 1.6875, 1.734375, 1.78125, 1.828125, 1.875, 1.921875, 1.96875, 2.015625, 2.0625, 2.109375, 2.15625, 2.203125, 2.25, 2.296875, 2.34375, 2.390625, 2.4375, 2.484375, 2.53125, 2.578125, 2.625, 2.671875, 2.71875, 2.765625, 2.8125, 2.859375, 2.90625, 2.953125, 3.0]}, "sine_curve_epoch_2_task_0": {"_type": "image-file", "sha256": "3debf19dd714d7316281714b9c34542796585f01925bb6bd772a9eb11dcd02b5", "size": 35129, "path": "media/images/sine_curve_epoch_2_task_0_20692_3debf19dd714d7316281.png", "format": "png", "width": 640, "height": 480}, "loss_epoch3_task0": 0.003088179975748062, "reward_epoch3_task0": 0.003088179975748062, "pool_indices_epoch3_task0": {"_type": "histogram", "values": [1, 0, 0, 0, 0, 0, 0, 0, 0, 0, 0, 0, 0, 0, 0, 0, 0, 0, 0, 0, 0, 0, 0, 0, 0, 0, 1, 0, 1, 0, 0, 0, 0, 0, 0, 0, 0, 0, 0, 0, 0, 0, 0, 0, 0, 0, 0, 0, 0, 0, 0, 0, 0, 0, 0, 0, 0, 0, 0, 0, 0, 1, 0, 1], "bins": [4.0, 4.421875, 4.84375, 5.265625, 5.6875, 6.109375, 6.53125, 6.953125, 7.375, 7.796875, 8.21875, 8.640625, 9.0625, 9.484375, 9.90625, 10.328125, 10.75, 11.171875, 11.59375, 12.015625, 12.4375, 12.859375, 13.28125, 13.703125, 14.125, 14.546875, 14.96875, 15.390625, 15.8125, 16.234375, 16.65625, 17.078125, 17.5, 17.921875, 18.34375, 18.765625, 19.1875, 19.609375, 20.03125, 20.453125, 20.875, 21.296875, 21.71875, 22.140625, 22.5625, 22.984375, 23.40625, 23.828125, 24.25, 24.671875, 25.09375, 25.515625, 25.9375, 26.359375, 26.78125, 27.203125, 27.625, 28.046875, 28.46875, 28.890625, 29.3125, 29.734375, 30.15625, 30.578125, 31.0]}, "action_types_epoch3_task0": {"_type": "histogram", "values": [82, 0, 0, 0, 0, 0, 0, 0, 0, 0, 0, 0, 0, 0, 0, 0, 0, 0, 0, 0, 0, 7, 0, 0, 0, 0, 0, 0, 0, 0, 0, 0, 0, 0, 0, 0, 0, 0, 0, 0, 0, 0, 4, 0, 0, 0, 0, 0, 0, 0, 0, 0, 0, 0, 0, 0, 0, 0, 0, 0, 0, 0, 0, 112],