{"loss_epoch0_task0": 0.0028137851040810347, "_timestamp": 1699200571.5307431, "_runtime": 2394.8047280311584, "_step": 29030, "reward_epoch0_task0": 0.0028137851040810347, "pool_indices_epoch0_task0": {"_type": "histogram", "values": [1, 0, 0, 0, 0, 0, 0, 0, 0, 0, 0, 0, 0, 0, 0, 0, 0, 0, 0, 0, 0, 0, 0, 0, 1, 0, 0, 0, 0, 0, 0, 0, 0, 0, 0, 0, 0, 0, 0, 0, 0, 1, 0, 0, 0, 0, 0, 0, 0, 0, 0, 0, 0, 0, 0, 0, 0, 1, 0, 0, 0, 0, 0, 1], "bins": [4.0, 4.453125, 4.90625, 5.359375, 5.8125, 6.265625, 6.71875, 7.171875, 7.625, 8.078125, 8.53125, 8.984375, 9.4375, 9.890625, 10.34375, 10.796875, 11.25, 11.703125, 12.15625, 12.609375, 13.0625, 13.515625, 13.96875, 14.421875, 14.875, 15.328125, 15.78125, 16.234375, 16.6875, 17.140625, 17.59375, 18.046875, 18.5, 18.953125, 19.40625, 19.859375, 20.3125, 20.765625, 21.21875, 21.671875, 22.125, 22.578125, 23.03125, 23.484375, 23.9375, 24.390625, 24.84375, 25.296875, 25.75, 26.203125, 26.65625, 27.109375, 27.5625, 28.015625, 28.46875, 28.921875, 29.375, 29.828125, 30.28125, 30.734375, 31.1875, 31.640625, 32.09375, 32.546875, 33.0]}, "action_types_epoch0_task0": {"_type": "histogram", "values": [5132, 0, 0, 0, 0, 0, 0, 0, 0, 0, 0, 0, 0, 0, 0, 0, 0, 0, 0, 0, 0, 28, 0, 0, 0, 0, 0, 0, 0, 0, 0, 0, 0, 0, 0, 0, 0, 0, 0, 0, 0, 0, 22, 0, 0, 0, 0, 0, 0, 0, 0, 0, 0, 0, 0, 0, 0, 0, 0, 0, 0, 0, 0, 509], "bins": [0.0, 0.046875, 0.09375, 0.140625, 0.1875, 0.234375, 0.28125, 0.328125, 0.375, 0.421875, 0.46875, 0.515625, 0.5625, 0.609375, 0.65625, 0.703125, 0.75, 0.796875, 0.84375, 0.890625, 0.9375, 0.984375, 1.03125, 1.078125, 1.125, 1.171875, 1.21875, 1.265625, 1.3125, 1.359375, 1.40625, 1.453125, 1.5, 1.546875, 1.59375, 1.640625, 1.6875, 1.734375, 1.78125, 1.828125, 1.875, 1.921875, 1.96875, 2.015625, 2.0625, 2.109375, 2.15625, 2.203125, 2.25, 2.296875, 2.34375, 2.390625, 2.4375, 2.484375, 2.53125, 2.578125, 2.625, 2.671875, 2.71875, 2.765625, 2.8125, 2.859375, 2.90625, 2.953125, 3.0]}, "_wandb": {"runtime": 1594}}